canonical_smiles,inchi_key,name,source_label
S=c1[nH]cnc2[nH]cnc12,GLVAUDGFNGKCSF-UHFFFAOYSA-N,mercaptopurine,dilist
CC(=O)Nc1ccc(O)cc1,RZVAJINKPMORJF-UHFFFAOYSA-N,acetaminophen,dilist
Cn1cnc([N+](=O)[O-])c1Sc1ncnc2[nH]cnc12,LMEKQMALGUDUQG-UHFFFAOYSA-N,azathioprine,dilist
CCOC(=O)C(C)(C)Oc1ccc(Cl)cc1,KNHUKKLJHYUCFP-UHFFFAOYSA-N,clofibrate,dilist
O=P1(N(CCCl)CCCl)NCCCO1,CMSMOCZEIVJLDB-UHFFFAOYSA-N,cyclophosphamide,dilist
CC12CCC3c4ccc(O)cc4CCC3C1CCC2O,VOXZDWNPVJITMN-UHFFFAOYSA-N,estradiol,dilist
CNCCC(Oc1ccc(C(F)(F)F)cc1)c1ccccc1,RTHCYVBBDHJXIQ-UHFFFAOYSA-N,fluoxetine,dilist
Cc1ccc(C)c(OCCCC(C)(C)C(=O)O)c1,HEMJJKBWTPKOJG-UHFFFAOYSA-N,gemfibrozil,dilist
COc1ccc2c(c1)c(CC(=O)O)c(C)n2C(=O)c1ccc(Cl)cc1,CGIGDMFJXJATDK-UHFFFAOYSA-N,indomethacin,dilist
CC(C(=O)O)c1cccc(C(=O)c2ccccc2)c1,DKYWVDODHFEZIM-UHFFFAOYSA-N,ketoprofen,dilist
CN(Cc1cnc2nc(N)nc(N)c2n1)c1ccc(C(=O)NC(CCC(=O)O)C(=O)O)cc1,FBOZXECLQNJBKD-UHFFFAOYSA-N,methotrexate,dilist
CCC1(c2ccccc2)C(=O)NC(=O)NC1=O,DDBREPKUVSBGFI-UHFFFAOYSA-N,phenobarbital,dilist
O=C1NC(=O)C(c2ccccc2)(c2ccccc2)N1,CXOFVDLJLONNDW-UHFFFAOYSA-N,phenytoin,dilist
COC1C=COC2(C)Oc3c(C)c(O)c4c(O)c(c(C=NN5CCN(C)CC5)c(O)c4c3C2=O)NC(=O)C(C)=CC=CC(C)C(O)C(C)C(O)C(C)C(OC(C)=O)C1C,JQXXHWHPUNPDRT-UHFFFAOYSA-N,rifampin,dilist
CN(C)C1C(=O)C(C(N)=O)C(=O)C2(O)C(=O)C3C(=O)c4c(O)cccc4C(C)(O)C3CC12,MUHBBHLZPHKTTR-UHFFFAOYSA-N,tetracycline,dilist
Nc1nc(NC2CC2)c2ncn(C3C=CC(CO)C3)c2n1,MCGSCOLBFJQGHM-UHFFFAOYSA-N,abacavir,dilist
Nc1nc(=O)c2ncn(COCCO)c2[nH]1,MKUXAQIIEYXACX-UHFFFAOYSA-N,aciclovir,dilist
O=c1[nH]cnc2[nH]ncc12,OFCNXPDARWKPPY-UHFFFAOYSA-N,allopurinol,dilist
O=C(O)CCCCCCNC1c2ccccc2CCc2ccccc21,ONNOFKFOZAJDHT-UHFFFAOYSA-N,amineptine,dilist
CCCCc1oc2ccccc2c1C(=O)c1cc(I)c(OCCN(CC)CC)c(I)c1,IYIKLHRQXLHMJQ-UHFFFAOYSA-N,amiodarone,dilist
CN(C)CCC=C1c2ccccc2CCc2ccccc21,KRMDCWKBEZIMAB-UHFFFAOYSA-N,amitriptyline,dilist
CC1C=CC=CC=CC=CC=CC=CC=CC(OC2OC(C)C(O)C(N)C2O)CC2OC(O)(CC(O)CC(O)C(O)CCC(O)CC(O)CC(=O)OC(C)C(C)C1O)CC(O)C2C(=O)O,APKFDSVGJQXUKY-UHFFFAOYSA-N,amphotericin b,dilist
CC1(C)SC2C(NC(=O)C(N)c3ccccc3)C(=O)N2C1C(=O)O,AVKUERGKIZMTKX-UHFFFAOYSA-N,ampicillin,dilist
COc1cc2c(cc1OC)C(=O)C(CC1CCN(Cc3ccccc3)CC1)C2,ADEBPBSSDYVVLD-UHFFFAOYSA-N,donepezil,dilist
CC(=O)Oc1ccccc1C(=O)O,BSYNRYMUTXBXSQ-UHFFFAOYSA-N,aspirin,dilist
CC(O)(CS(=O)(=O)c1ccc(F)cc1)C(=O)Nc1ccc(C#N)c(C(F)(F)F)c1,LKJPYSCBVHEWIU-UHFFFAOYSA-N,bicalutamide,dilist
CC(NC(C)(C)C)C(=O)c1cccc(Cl)c1,SNPPWIUOZRMYNY-UHFFFAOYSA-N,bupropion,dilist
CC(CS)C(=O)N1CCCC1C(=O)O,FAKRSMQSSFJEIM-UHFFFAOYSA-N,captopril,dilist
NC(=O)N1c2ccccc2C=Cc2ccccc21,FFGPTBGBLSHEPO-UHFFFAOYSA-N,carbamazepine,dilist
CC(C)(ON=C(C(=O)NC1C(=O)N2C(C(=O)[O-])=C(C[n+]3ccccc3)CSC12)c1csc(N)n1)C(=O)O,ORFOPKXBNMVMKC-UHFFFAOYSA-N,ceftazidime,dilist
CN1CCN(C(c2ccccc2)c2ccc(Cl)cc2)CC1,WFNAKBGANONZEQ-UHFFFAOYSA-N,chlorcyclizine,dilist
O=c1[nH]c2cc(Cl)ccc2o1,TZFWDZFKRBELIQ-UHFFFAOYSA-N,chlorzoxazone,dilist
CN(C)CCCN1c2ccccc2Sc2ccc(Cl)cc21,ZPEIMTDSQAKGNT-UHFFFAOYSA-N,chlorpromazine,dilist
Cc1ccc(C(=O)NC2C(=O)NC(C(C)C)C(=O)N3CCCC3C(=O)N(C)CC(=O)N(C)C(C(C)C)C(=O)OC2C)c2c1Oc1c(C)c(O)c(N)c(=C(O)N=C3C(=O)NC(C(C)C)C(=O)N4CCCC4C(=O)N(C)CC(=O)N(C)C(C(C)C)C(=O)OC3C)c1=N2,GQBHKSFHNFMVES-UHFFFAOYSA-N,dactinomycin,dilist
O=c1[nH]c(O)cn1N=Cc1ccc(-c2ccc([N+](=O)[O-])cc2)o1,IMVWGCIUSSJUAA-UHFFFAOYSA-N,dantrolene,dilist
CCC(=O)OC(Cc1ccccc1)(c1ccccc1)C(C)CN(C)C,XLMALTXPSGQGBX-UHFFFAOYSA-N,propoxyphene,dilist
O=C(O)Cc1ccccc1Nc1c(Cl)cccc1Cl,DCOPUUMXTXDBNB-UHFFFAOYSA-N,diclofenac,dilist
O=C(O)c1cc(-c2ccc(F)cc2F)ccc1O,HUPFGZXOMWLGNK-UHFFFAOYSA-N,diflunisal,dilist
CCC1OC(=O)C(C)C(OC2CC(C)(OC)C(O)C(C)O2)C(C)C(OC2OC(C)CC(N(C)C)C2O)C(C)(O)CC(C)C(=O)C(C)C(O)C1(C)O,ULGZDMOVFRHVEP-UHFFFAOYSA-N,erythromycin,dilist
COc1cc(C2c3cc4c(cc3C(OC3OC5COC(C)OC5C(O)C3O)C3COC(=O)C23)OCO4)cc(OC)c1O,VJJPUSNTGOMMGY-UHFFFAOYSA-N,etoposide,dilist
N=C(CCSCc1csc(N=C(N)N)n1)NS(N)(=O)=O,XUFQPHANEAPEMJ-UHFFFAOYSA-N,famotidine,dilist
NC(=O)OCC(COC(N)=O)c1ccccc1,WKGXYQFOCVYPAC-UHFFFAOYSA-N,felbamate,dilist
CC(C)OC(=O)C(C)(C)Oc1ccc(C(=O)c2ccc(Cl)cc2)cc1,YMTINGFKWWXKFG-UHFFFAOYSA-N,fenofibrate,dilist
CC(C(=O)O)c1cccc(Oc2ccccc2)c1,RDJGLLICXDHJDY-UHFFFAOYSA-N,fenoprofen,dilist
CC(C)C(=O)Nc1ccc([N+](=O)[O-])c(C(F)(F)F)c1,MKXKFYHWDHIYRV-UHFFFAOYSA-N,flutamide,dilist
NC(O)=NO,VSNHCAURESNICA-UHFFFAOYSA-N,hydroxyurea,dilist
Cc1ccc(NC(=O)c2ccc(CN3CCN(C)CC3)cc2)cc1Nc1nccc(-c2cccnc2)n1,KTUFNOKKBVMGRW-UHFFFAOYSA-N,imatinib,dilist
CN(C)CCCN1c2ccccc2CCc2ccccc21,BCGWQEUPMDMJNV-UHFFFAOYSA-N,imipramine,dilist
CC(C)NNC(=O)c1ccncc1,NYMGNSNKLVNMIA-UHFFFAOYSA-N,iproniazid,dilist
CC(=O)N1CCN(c2ccc(OCC3COC(Cn4ccnc4)(c4ccc(Cl)cc4Cl)O3)cc2)CC1,XMAYWYJOQHXEEK-UHFFFAOYSA-N,ketoconazole,dilist
CC(CCc1ccccc1)NCC(O)c1ccc(O)c(C(N)=O)c1,SGUAFYQXFOLMHL-UHFFFAOYSA-N,labetalol,dilist
Cc1oncc1C(=O)Nc1ccc(C(F)(F)F)cc1,VHOGYURTWQBHIL-UHFFFAOYSA-N,leflunomide,dilist
Cc1cccc(Nc2ccccc2C(=O)O)c1C,HYYBABOKPJLUIN-UHFFFAOYSA-N,mefenamic acid,dilist
Cc1cnc(NC(=O)C2C(=O)c3ccccc3S(=O)(=O)N2C)s1,ZAHQBPYQBHTECE-UHFFFAOYSA-N,meloxicam,dilist
CN(C)C(N)=NC(=N)N,XZWYZXLIPXDOLR-UHFFFAOYSA-N,metformin,dilist
CC(N)(Cc1ccc(O)c(O)c1)C(=O)O,CJCSPKMFHVPWAR-UHFFFAOYSA-N,methyldopa,dilist
CCc1nn(CCCN2CCN(c3cccc(Cl)c3)CC2)c(=O)n1CCOc1ccccc1,VRBKIVRKKCLPHA-UHFFFAOYSA-N,nefazodone,dilist
O=c1[nH]c(O)cn1N=Cc1ccc([N+](=O)[O-])o1,ZSPWEUZMDXEYMX-UHFFFAOYSA-N,nitrofurantoin,dilist
O=C(O)c1cc(N=Nc2ccc(O)c(C(=O)O)c2)ccc1O,QQBDLJCYGRGAKP-UHFFFAOYSA-N,olsalazine,dilist
Fc1ccc(C2CCNCC2COc2ccc3c(c2)OCO3)cc1,AHOUBRCZNHFOSL-UHFFFAOYSA-N,paroxetine,dilist
N=C(N)c1ccc(OCCCCCOc2ccc(C(=N)N)cc2)cc1,XDRYMKDFEDOLFX-UHFFFAOYSA-N,pentamidine,dilist
C1CCC(C(CC2CCCCN2)C2CCCCC2)CC1,CYXKNKQEMFBLER-UHFFFAOYSA-N,perhexiline,dilist
CCc1ccc(CCOc2ccc(Cc3sc(=O)[nH]c3O)cc2)nc1,IYYGBZJXHJSLEV-UHFFFAOYSA-N,pioglitazone,dilist
CCCc1cc(=O)[nH]c(=S)[nH]1,KNAHARQHSZJURB-UHFFFAOYSA-N,propylthiouracil,dilist
CN=C(C[N+](=O)[O-])NCCSCc1ccc(CN(C)C)o1,SYNOVMDJYWJCON-UHFFFAOYSA-N,ranitidine,dilist
COC1C=COC2(C)Oc3c(C)c(O)c4c(O)c(c5c(c4c3C2=O)=NC2(CCN(CC(C)C)CC2)N=5)NC(=O)C(C)=CC=CC(C)C(O)C(C)C(O)C(C)C(OC(C)=O)C1C,AZFBLLCNOQPJGJ-UHFFFAOYSA-N,rifabutin,dilist
CN(CCOc1ccc(Cc2sc(=O)[nH]c2O)cc1)c1ccccn1,FLDPBMANMDLQTH-UHFFFAOYSA-N,rosiglitazone,dilist
CCC(C)(C)C(=O)OC1CC(C)C=C2C=CC(C)C(CCC3CC(O)CC(=O)O3)C21,RYMZZMVNJRMUDD-UHFFFAOYSA-N,simvastatin,dilist
CC(=O)SC1C=C2CC(=O)CCC2(C)C2CCC3(C)C(CCC34CCC(=O)O4)C12,RRQQBPFUONLKTL-UHFFFAOYSA-N,spironolactone,dilist
Cc1cn(C2C=CC(CO)O2)c(=O)[nH]c1=O,XNKLLVCARDGLGL-UHFFFAOYSA-N,stavudine,dilist
Nc1ccc(S(=O)(=O)Nc2ncccn2)cc1,SEEPANYCNGTZFQ-UHFFFAOYSA-N,sulfadiazine,dilist
O=C(O)c1cc(N=Nc2ccc(S(=O)(=O)Nc3ccccn3)cc2)ccc1O,NCEXYHBECQHGNR-UHFFFAOYSA-N,sulfasalazine,dilist
CC1=C(CC(=O)O)c2cc(F)ccc2C1=Cc1ccc([S+](C)[O-])cc1,MLKXDPUZXIRXEP-UHFFFAOYSA-N,sulindac,dilist
CCC(=C(c1ccccc1)c1ccc(OCCN(C)C)cc1)c1ccccc1,NKANXQFJJICGDU-UHFFFAOYSA-N,tamoxifen,dilist
Cn1nnc2c(C(N)=O)ncn2c1=O,BPEGJWRSRHCHSN-UHFFFAOYSA-N,temozolomide,dilist
Clc1ccc2nsnc2c1NC1=NCCN1,XFYDIVBRZNQMJC-UHFFFAOYSA-N,tizanidine,dilist
Cc1ccc(C(=O)c2cc(O)c(O)c([N+](=O)[O-])c2)cc1,MIQPIUSUKVNLNT-UHFFFAOYSA-N,tolcapone,dilist
CCCC(CCC)C(=O)O,NIJJYAXOARWZEE-UHFFFAOYSA-N,valproic acid,dilist
CNC(CC(C)C)C(=O)NC1C(=O)NC(CC(N)=O)C(=O)NC2C(=O)NC3C(=O)NC(C(=O)NC(C(=O)O)c4cc(O)cc(O)c4-c4cc3ccc4O)C(O)c3ccc(c(Cl)c3)Oc3cc2cc(c3OC2OC(CO)C(O)C(O)C2OC2CC(C)(N)C(O)C(C)O2)Oc2ccc(cc2Cl)C1O,MYPYJXKWCTUITO-UHFFFAOYSA-N,vancomycin,dilist
CC(C=CC1=C(C)CCCC1(C)C)=CC=CC(C)=CCO,FPIPGXGPPPQFEQ-UHFFFAOYSA-N,vitamin a,dilist
Cc1cn(C2CC(N=[N+]=[N-])C(CO)O2)c(=O)[nH]c1=O,HBOMLICNUCNMMY-UHFFFAOYSA-N,zidovudine,dilist
NS(=O)(=O)Cc1noc2ccccc12,UBQNRHZMVUUOMG-UHFFFAOYSA-N,zonisamide,dilist
NC(=O)c1cnccn1,IPEHBUMCGVEMRF-UHFFFAOYSA-N,pyrazinamide,dilist
CC(C)(C)NC(=O)C1CCC2C3CCC4NC(=O)C=CC4(C)C3CCC12C,DBEPLOCGEIEOCV-UHFFFAOYSA-N,finasteride,dilist
Cc1c(C)c2c(c(C)c1O)CCC(C)(COc1ccc(Cc3sc(=O)[nH]c3O)cc1)O2,BJWJSFCBOIUATF-UHFFFAOYSA-N,troglitazone,dilist
CC(C)n1c(C=CC(O)CC(O)CC(=O)O)c(-c2ccc(F)cc2)c2ccccc21,FJLGEFLZQAZZCD-UHFFFAOYSA-N,fluvastatin,dilist
CCC1=C(C)CN(C(=O)NCCc2ccc(S(=O)(=O)NC(=O)NC3CCC(C)CC3)cc2)C1=O,WIGIZIANZCJQQY-UHFFFAOYSA-N,glimepiride,dilist
COc1ccc(C(CN(C)C)C2(O)CCCCC2)cc1,PNVNVHUZROJLTJ-UHFFFAOYSA-N,venlafaxine,dilist
CCOC(=O)C1=C(COCCN)N=C(C)C(C(=O)OC)C1c1ccccc1Cl,YMDXSGBNCBQYGC-UHFFFAOYSA-N,amlodipine,dilist
O=C(O)c1cn(C2CC2)c2cc(N3CCNCC3)c(F)cc2c1=O,MYSWGUAQZAJSOK-UHFFFAOYSA-N,ciprofloxacin,dilist
OC(Cn1cncn1)(Cn1cncn1)c1ccc(F)cc1F,RFHAOTPXVQNOHP-UHFFFAOYSA-N,fluconazole,dilist
CC12C=CC(=O)C=C1CCC1C2C(=O)CC2(C)C1CCC2(O)C(=O)CO,XOFYZVNMUHMLCC-UHFFFAOYSA-N,prednisone,dilist
CCC(C)n1ncn(-c2ccc(N3CCN(c4ccc(OCC5COC(Cn6cncn6)(c6ccc(Cl)cc6Cl)O5)cc4)CC3)cc2)c1=O,VHVPQPYKVGDNFY-UHFFFAOYSA-N,itraconazole,dilist
CN(C)CCCN1c2ccccc2CCc2ccc(Cl)cc21,GDLIGKIOYRNHDA-UHFFFAOYSA-N,clomipramine,dilist
CCC(C)C(=O)OC1CC(O)C=C2C=CC(C)C(CCC(O)CC(O)CC(=O)O)C21,TUZYXOIXSAXUGO-UHFFFAOYSA-N,pravastatin,dilist
CCC1OC(=O)C(C)C(OC2CC(C)(OC)C(O)C(C)O2)C(C)C(OC2OC(C)CC(N(C)C)C2O)C(C)(OC)CC(C)C(=O)C(C)C(O)C1(C)O,AGOYDEPGAOXOCK-UHFFFAOYSA-N,clarithromycin,dilist
CC(=O)C1CCC2C3CC=C4CC(=O)CCC4(C)C3CCC12C,MNRHZPCIEGLWGK-UHFFFAOYSA-N,progesterone,dilist
CC(C)Cc1ccc(C(C)C(=O)O)cc1,HEFNNWSXXWATRW-UHFFFAOYSA-N,ibuprofen,dilist
O=C(c1ccccc1)c1ccc2n1CCC2C(=O)O,OZWKMVRBQXNZKK-UHFFFAOYSA-N,ketorolac,dilist
CC(CN1c2ccccc2Sc2ccccc21)N(C)C,PWWVAXIEGOYWEE-UHFFFAOYSA-N,promethazine,dilist
COc1ccc2[nH]c([S+]([O-])Cc3ncc(C)c(OC)c3C)nc2c1,SUBDBMMJDZJVOS-UHFFFAOYSA-N,omeprazole,dilist
COc1ccccc1OCCNCC(O)COc1cccc2[nH]c3ccccc3c12,OGHNVEJMJSYVRP-UHFFFAOYSA-N,carvedilol,dilist
Nc1ccn(C2OC(CO)C(O)C2O)c(=O)n1,UHDGCWIWMRVCDJ-UHFFFAOYSA-N,cytarabine,dilist
CN(C)CCCC1(c2ccc(F)cc2)OCc2cc(C#N)ccc21,WSEQXVZVJXJVFP-UHFFFAOYSA-N,citalopram,dilist
CC12CCC(=O)C=C1CCC1C2CCC2(C)C1CCC2(C)O,GCKMFJBGXUYNAG-UHFFFAOYSA-N,methyltestosterone,dilist
CC12CCC(=O)C=C1CCC1C2CCC2(C)C(O)CCC12,MUMGGOZAMZWBJJ-UHFFFAOYSA-N,testosterone,dilist
Clc1ccccc1CN1CCc2sccc2C1,PHWBOXQYWZNQIN-UHFFFAOYSA-N,ticlopidine,dilist
CCN(CC)CCOc1ccc(C(=C(Cl)c2ccccc2)c2ccccc2)cc1,GKIRPKYJQBWNGO-UHFFFAOYSA-N,clomiphene,dilist
CC(C=CC1=C(C)CCCC1(C)C)=CC=CC(C)=CC(=O)O,SHGAZHPCJJPHSC-UHFFFAOYSA-N,isotretinoin,dilist
CC12CC(C=O)C(=O)CC1CCC1C2CCC2(C)C1CCC2(C)O,DLZUBMGMHUNDLF-UHFFFAOYSA-N,oxymetholone,dilist
CCc1cccc2c3c([nH]c12)C(CC)(CC(=O)O)OCC3,NNYBQONXHNTVIJ-UHFFFAOYSA-N,etodolac,dilist
Cc1cnc(C(=O)NCCc2ccc(S(=O)(=O)NC(=O)NC3CCCCC3)cc2)cn1,ZJJXGWJIGJFDTL-UHFFFAOYSA-N,glipizide,dilist
Nc1nc(O)c(-c2ccccc2)o1,HDOVLPFABNJQJO-UHFFFAOYSA-N,pemoline,dilist
Clc1ccccc1C(c1ccccc1)(c1ccccc1)n1ccnc1,VNFPBHJOKIVQEB-UHFFFAOYSA-N,clotrimazole,dilist
Cc1ccc(-c2cc(C(F)(F)F)nn2-c2ccc(S(N)(=O)=O)cc2)cc1,RZEKVGVHFLEQIL-UHFFFAOYSA-N,celecoxib,dilist
CC(C)c1c(C(=O)Nc2ccccc2)c(-c2ccccc2)c(-c2ccc(F)cc2)n1CCC(O)CC(O)CC(=O)O,XUKUURHRXDUEBC-UHFFFAOYSA-N,atorvastatin,dilist
Cc1cc2c(s1)Nc1ccccc1N=C2N1CCN(C)CC1,KVWDHTXUZHCGIO-UHFFFAOYSA-N,olanzapine,dilist
Cc1ccnc2c1NC(=O)c1cccnc1N2C1CC1,NQDJXKOVJZTUJA-UHFFFAOYSA-N,nevirapine,dilist
CC(C)(C#N)c1cc(Cn2cncn2)cc(C(C)(C)C#N)c1,YBBLVLTVTVSKRW-UHFFFAOYSA-N,anastrozole,dilist
COCCCOc1ccnc(C[S+]([O-])c2nc3ccccc3[nH]2)c1C,YREYEVIYCVEVJK-UHFFFAOYSA-N,rabeprazole,dilist
CCC1OC(=O)C(C)C(OC2CC(C)(OC)C(O)C(C)O2)C(C)C(OC2OC(C)CC(N(C)C)C2O)C(C)(O)CC(C)CN(C)C(C)C(O)C1(C)O,MQTOSJVFKKJCRP-UHFFFAOYSA-N,azithromycin,dilist
Cc1ccc(S(=O)(=O)NC(=O)NN2CCCCCC2)cc1,OUDSBRTVNLOZBN-UHFFFAOYSA-N,tolazamide,dilist
OCCOCCN1CCN(C2=Nc3ccccc3Sc3ccccc32)CC1,URKOMYMAXPYINW-UHFFFAOYSA-N,quetiapine,dilist
CC(C)NCC(O)COc1ccc(CC(N)=O)cc1,METKIMKYRPQLGS-UHFFFAOYSA-N,atenolol,dilist
CCc1oc2ccccc2c1C(=O)c1cc(Br)c(O)c(Br)c1,WHQCHUCQKNIQEC-UHFFFAOYSA-N,benzbromarone,dilist
CC(C)CC1C(=O)N2CCCC2C2(O)OC(NC(=O)C3C=C4c5cccc6[nH]c(Br)c(c56)CC4N(C)C3)(C(C)C)C(=O)N12,OZVBMTJYIDMWIL-UHFFFAOYSA-N,bromocriptine,dilist
CS(=O)(=O)OCCCCOS(C)(=O)=O,COVZYZSDYWQREU-UHFFFAOYSA-N,busulfan,dilist
O=C(O)CCCc1ccc(N(CCCl)CCCl)cc1,JCKYGMPEJWAADB-UHFFFAOYSA-N,chlorambucil,dilist
CN1CCN(C2=Nc3cc(Cl)ccc3Nc3ccccc32)CC1,QZUDBNBUXVUHMW-UHFFFAOYSA-N,clozapine,dilist
CN(C)N=Nc1[nH]cnc1C(N)=O,FDKXTQMXEQVLRF-UHFFFAOYSA-N,dacarbazine,dilist
Nc1ccc(S(=O)(=O)c2ccc(N)cc2)cc1,MQJKPEGWNLWLTK-UHFFFAOYSA-N,dapsone,dilist
CCN(CC)C(=S)SSC(=S)N(CC)CC,AUZONCFQVSMFAP-UHFFFAOYSA-N,disulfiram,dilist
CCOC(=O)C(CCc1ccccc1)NC(C)C(=O)N1CCCC1C(=O)O,GBXSMTUPTTWBMN-UHFFFAOYSA-N,enalapril,dilist
NCC1(CC(=O)O)CCCCC1,UGJMXCAKCUNAIE-UHFFFAOYSA-N,gabapentin,dilist
COc1ccc(Cl)cc1C(=O)NCCc1ccc(S(=O)(=O)NC(=O)NC2CCCCC2)cc1,ZNNLBTZKUZBEKO-UHFFFAOYSA-N,glibenclamide,dilist
NNC(=O)c1ccncc1,QRXWMOHMRWLFEY-UHFFFAOYSA-N,isoniazid,dilist
Cc1c(OCC(F)(F)F)ccnc1C[S+]([O-])c1nc2ccccc2[nH]1,MJIHNNLFOKEZEW-UHFFFAOYSA-N,lansoprazole,dilist
COC(=O)Nc1nc2cc(C(=O)c3ccccc3)ccc2[nH]1,OPXLLQIJSORQAM-UHFFFAOYSA-N,mebendazole,dilist
COCCc1ccc(OCC(O)CNC(C)C)cc1,IUBSYMUCCVWXPE-UHFFFAOYSA-N,metoprolol,dilist
O=C(O)c1cccnc1,PVNIIMVLHYAWGP-UHFFFAOYSA-N,niacin,dilist
COC(=O)C1=C(C)N=C(C)C(C(=O)OC)C1c1ccccc1[N+](=O)[O-],OSUCQKNXQBPLDG-UHFFFAOYSA-N,nifedipine,dilist
CS(=O)(=O)Nc1ccc([N+](=O)[O-])cc1Oc1ccccc1,HYWYRSMBCFDLJT-UHFFFAOYSA-N,nimesulide,dilist
CN=C(C[N+](=O)[O-])NCCSCc1csc(CN(C)C)n1,XPZQPVYGEOEOKS-UHFFFAOYSA-N,nizatidine,dilist
COc1ccc(CCN(C)CCCC(C#N)(c2ccc(OC)c(OC)c2)C(C)C)cc1OC,SGTNSNPWRIOYBX-UHFFFAOYSA-N,verapamil,dilist
COc1cccc2c(O)c3c(c(O)c12)C(=O)C1=C(CC(O)(C(=O)CO)CC1OC1CC(N)C(O)C(C)O1)C3=O,XZTGINNGSQCYPR-UHFFFAOYSA-N,doxorubicin,dilist
CCCNC(=O)NS(=O)(=O)c1ccc(Cl)cc1,RKWGIWYCVPQPMF-UHFFFAOYSA-N,chlorpropamide,dilist
CC=CCC(C)C(O)C1C(=O)NC(CC)C(=O)N(C)CC(=O)N(C)C(CC(C)C)C(=O)NC(C(C)C)C(=O)N(C)C(CC(C)C)C(=O)NC(C)C(=O)NC(C)C(=O)N(C)C(CC(C)C)C(=O)N(C)C(CC(C)C)C(=O)N(C)C(C(C)C)C(=O)N1C,PMATZTZNYRCHOR-UHFFFAOYSA-N,cyclosporine,dilist
CC(=O)N(O)CCCCCNC(=O)CCC(=O)N(O)CCCCCNC(=O)CCC(=O)N(O)CCCCCN,UBQYURCVBFRUQT-UHFFFAOYSA-N,deferoxamine,dilist
CC1c2cccc(O)c2C(=O)C2C(=O)C3(O)C(=O)C(C(N)=O)C(=O)C(N(C)C)C3C(O)C21,VXVNYCRICCVPTD-UHFFFAOYSA-N,doxycycline,dilist
C=C1CC2C(CCC3(C)C(=O)CCC23)C2(C)C=CC(=O)C=C12,BFYIZQONLCFLEV-UHFFFAOYSA-N,exemestane,dilist
CCOC(=O)C1=C(C)N=C(C)C(C(=O)OC)C1c1cccc(Cl)c1Cl,HAQDEJPEAKWAAM-UHFFFAOYSA-N,felodipine,dilist
COc1cc2ncnc(Nc3ccc(F)c(Cl)c3)c2cc1OCCCN1CCOCC1,XGALLCVXEZPNRQ-UHFFFAOYSA-N,gefitinib,dilist
O=C(CCCN1CCC(O)(c2ccc(Cl)cc2)CC1)c1ccc(F)cc1,LNEPOXFFQSENCJ-UHFFFAOYSA-N,haloperidol,dilist
Nc1ccc(O)c(C(=O)O)c1,KBOPZPXVLCULAV-UHFFFAOYSA-N,mesalazine,dilist
CN(C)c1ccc(O)c2c1CC1CC3C(N(C)C)C(=O)C(C(N)=O)C(=O)C3(O)C(=O)C1C2=O,ZZZRUAITSXLWBH-UHFFFAOYSA-N,minocycline,dilist
O=C(O)CCc1nc(-c2ccccc2)c(-c2ccccc2)o1,OFPXSFXSNFPTHF-UHFFFAOYSA-N,oxaprozin,dilist
CC(=O)OC1=C2C(C)C(OC(=O)C(O)C(NC(=O)c3ccccc3)c3ccccc3)CC(O)(C(OC(=O)c3ccccc3)C3C4(OC(C)=O)COC4CC(O)C3(C)C1=O)C2(C)C,NDUAXKHGCJIYEQ-UHFFFAOYSA-N,paclitaxel,dilist
CN1CCN(CCCN2c3ccccc3Sc3ccc(Cl)cc32)CC1,WIKYUJGCLQQFNW-UHFFFAOYSA-N,prochlorperazine,dilist
COC1CC2CCC(C)C(O)(O2)C(=O)C(=O)N2CCCCC2C(=O)OC(C(C)CC2CCC(O)C(OC)C2)CC(=O)C(C)=CC(C)C(O)C(OC)C(=O)C(C)CC(C)C=CC=CC=C1C,DVSZTYJRXBBIFA-UHFFFAOYSA-N,sirolimus,dilist
C=CCC1=CC(C)CC(C)CC(OC)C2OC(O)(C(=O)C(=O)N3CCCCC3C(=O)OC(C(C)=CC3CCC(O)C(OC)C3)C(C)C(O)CC1=O)C(C)CC2OC,SLUYGGAVUSVJOT-UHFFFAOYSA-N,tacrolimus,dilist
O=C1CCC(N2C(=O)c3ccccc3C2=O)C(=O)N1,UEJJHQNACJXSKW-UHFFFAOYSA-N,thalidomide,dilist
CSc1ccc2c(c1)N(CCC1CCCCN1C)c1ccccc1S2,KLBQZWRITKRQQV-UHFFFAOYSA-N,thioridazine,dilist
Nc1nc(=S)c2[nH]cnc2[nH]1,WYWHKKSPHMUBEB-UHFFFAOYSA-N,thioguanine,dilist
CC1(C)OC2COC3(COS(N)(=O)=O)OC(C)(C)OC3C2O1,KJADKKWYZYXHBB-UHFFFAOYSA-N,topiramate,dilist
CC(C)CC(NC(=O)C(Cc1c[nH]c2ccccc12)NC(=O)C(Cc1ccc(O)cc1)NC(=O)C(CO)NC(=O)C(Cc1c[nH]c2ccccc12)NC(=O)C(Cc1c[nH]cn1)NC(=O)C1CCC(=O)N1)C(=O)NC(CCCN=C(N)N)C(=O)N1CCCC1C(=O)NCC(N)=O,VXKHXGOKWPXYNA-UHFFFAOYSA-N,triptorelin pamoate,dilist
CC(N)C(=O)NC(C)C(=O)NC1C2CN(c3nc4c(cc3F)c(=O)c(C(=O)O)cn4-c3ccc(F)cc3F)CC21,UUZPPAMZDFLUHD-UHFFFAOYSA-N,alatrofloxacin mesylate,dilist
CC1=C2CC(=O)C=CC2(C)C2C(O)CC3(C)C(CCC3(O)C(=O)CO)C2C1,ZABDAGALHQDSEU-UHFFFAOYSA-N,methylprednisolone,dilist
CC(C)(S)C(N)C(=O)O,VVNCNSJFMMFHPL-UHFFFAOYSA-N,penicillamine,dilist
CC(=O)Nc1nnc(S(N)(=O)=O)s1,BZKPWHYZMXOIDC-UHFFFAOYSA-N,acetazolamide,dilist
CCCSc1ccc2[nH]c(NC(=O)OC)nc2c1,HXHWSAZORRCQMX-UHFFFAOYSA-N,albendazole,dilist
Cc1nnc2n1-c1ccc(Cl)cc1C(c1ccccc1)=NC2,VREFGVBLTWBCJP-UHFFFAOYSA-N,alprazolam,dilist
Nc1ccc(C(=O)O)c(O)c1,WUBBRNOQWQTFEX-UHFFFAOYSA-N,4-aminosalicylic acid,dilist
CC1(C)SC2C(NC(=O)C(N)c3ccc(O)cc3)C(=O)N2C1C(=O)O,LSQZJLSUYDQPKJ-UHFFFAOYSA-N,amoxicillin,dilist
CC(C(=O)O)c1ccc2oc(-c3ccc(Cl)cc3)nc2c1,MITFXPHMIHQXPI-UHFFFAOYSA-N,benoxaprofen,dilist
Nc1c(CC(=O)O)cccc1C(=O)c1ccc(Br)cc1,ZBPLOVFIXSTCRZ-UHFFFAOYSA-N,bromfenac,dilist
O=C1CN=C(c2ccccc2Cl)c2cc([N+](=O)[O-])ccc2N1,DGBIGWXXNGSACT-UHFFFAOYSA-N,clonazepam,dilist
C#CC1(O)CCC2C3CCC4=Cc5oncc5CC4(C)C3CCC21C,POZRVZJJTULAOH-UHFFFAOYSA-N,danazol,dilist
Cc1nc(-c2ccc(OCC(C)C)c(C#N)c2)sc1C(=O)O,BQSJTQLCZDPROO-UHFFFAOYSA-N,febuxostat,dilist
COC1=CC(=O)CC(C)C12Oc1c(Cl)c(OC)cc(OC)c1C2=O,DDUHZTYCFQRHIY-UHFFFAOYSA-N,griseofulvin,dilist
NNc1nncc2ccccc12,RPTUSVTUFVMDQK-UHFFFAOYSA-N,hydralazine,dilist
CC(C)Cc1ccc(CC(=O)O)cc1,CYWFCPPBTWOZSF-UHFFFAOYSA-N,ibufenac,dilist
O=P1(NCCCl)OCCCN1CCCl,HOMGKSMUEGBAAB-UHFFFAOYSA-N,ifosfamide,dilist
O=C(O)c1ccc(-n2nc(-c3ccccc3O)nc2-c2ccccc2O)cc1,BOFQWVMAQOTZIW-UHFFFAOYSA-N,deferasirox,dilist
C=c1c(C(=O)NCCN(CC)CC)c(C)[nH]c1=Cc1c(O)[nH]c2ccc(F)cc12,MAXXXDSMDPPTEE-UHFFFAOYSA-N,sunitinib,dilist
CCC(C)C1OC2(CCC1C)CC1CC(CC=C(C)C(OC3CC(OC)C(OC4CC(OC)C(O)C(C)O4)C(C)O3)C(C)C=CC=C3COC4C(O)C(C)=CC(C(=O)O1)C34O)O2,AZSNMRSAGSSBNP-UHFFFAOYSA-N,ivermectin,dilist
Nc1ccn(C2CSC(CO)O2)c(=O)n1,JTEGQNOMFQHVDC-UHFFFAOYSA-N,lamivudine,dilist
N#Cc1ccc(C(c2ccc(C#N)cc2)n2cncn2)cc1,HPJKCIUCZWXJDR-UHFFFAOYSA-N,letrozole,dilist
CN(C)CC(c1ccc(O)cc1)C1(O)CCCCC1,KYYIDSXMWOZKMP-UHFFFAOYSA-N,desvenlafaxine,dilist
O=NN(CCCl)C(=O)NC1CCCCC1,GQYIWUVLTXOXAJ-UHFFFAOYSA-N,lomustine,dilist
CCC(C)C(=O)OC1CC(C)C=C2C=CC(C)C(CCC3CC(O)CC(=O)O3)C21,PCZOHLXUXFIOCF-UHFFFAOYSA-N,lovastatin,dilist
Cn1cc[nH]c1=S,PMRYVIKBURPHAH-UHFFFAOYSA-N,methimazole,dilist
Cc1ncc([N+](=O)[O-])n1CCO,VAOCPAMSLUNLGC-UHFFFAOYSA-N,metronidazole,dilist
C=c1c(N)c(O)c2c(c1O)N1CC3NC3C1(OC)C=2COC(N)=O,WOJBAMBWWYIQHQ-UHFFFAOYSA-N,mitomycin,dilist
NC(=O)C[S+]([O-])C(c1ccccc1)c1ccccc1,YFGHCGITMMYXAQ-UHFFFAOYSA-N,modafinil,dilist
COc1ccc2cc(C(C)C(=O)O)ccc2c1,CMWTZPSULFXXJA-UHFFFAOYSA-N,naproxen,dilist
O=C(O)COCCN1CCN(C(c2ccccc2)c2ccc(Cl)cc2)CC1,ZKLPARSLTMPFCP-UHFFFAOYSA-N,levocetirizine dihydrochloride,dilist
COc1ccnc(C[S+]([O-])c2nc3cc(OC(F)F)ccc3[nH]2)c1OC,IQPSEEYGBUAQFF-UHFFFAOYSA-N,pantoprazole,dilist
CC12C=CC(=O)C=C1CCC1C2C(O)CC2(C)C1CCC2(O)C(=O)CO,OIGNJSKKLXVSLS-UHFFFAOYSA-N,prednisolone,dilist
CNNCc1ccc(C(=O)NC(C)C)cc1,CPTBDICYNRMXFX-UHFFFAOYSA-N,procarbazine,dilist
CNC1CCC(c2ccc(Cl)c(Cl)c2)c2ccccc21,VGKDLMBJGBXTGI-UHFFFAOYSA-N,sertraline,dilist
Nc1ccc(S(=O)(=O)Nc2nccs2)cc1,JNMRHUJNCSQMMB-UHFFFAOYSA-N,sulfathiazole,dilist
CN(CC=CC#CC(C)(C)C)Cc1cccc2ccccc12,DOMXUEMWDBAQBQ-UHFFFAOYSA-N,terbinafine,dilist
c1ccc2[nH]c(-c3cscn3)nc2c1,WJCNZQLZVWNLKY-UHFFFAOYSA-N,thiabendazole,dilist
O=C(O)COc1ccc(C(=O)c2cccs2)c(Cl)c1Cl,AGHANLSBXUWXTB-UHFFFAOYSA-N,ticrynafen,dilist
CCS(=O)(=O)CCn1c([N+](=O)[O-])cnc1C,HJLSLZFTEKNLFI-UHFFFAOYSA-N,tinidazole,dilist
Cc1nnc(C(C)C)n1C1CC2CCC(C1)N2CCC(NC(=O)C1CCC(F)(F)CC1)c1ccccc1,GSNHKUDZZFZSJB-UHFFFAOYSA-N,maraviroc,dilist
Cc1nnc(C(=O)NC(C)(C)c2nc(C(=O)NCc3ccc(F)cc3)c(O)c(=O)n2C)o1,CZFFBEXEKNGXKS-UHFFFAOYSA-N,raltegravir,dilist
NC1C2CN(c3nc4c(cc3F)c(=O)c(C(=O)O)cn4-c3ccc(F)cc3F)CC12,WVPSKSLAZQPAKQ-UHFFFAOYSA-N,trovafloxacin,dilist
CC(=O)CC(c1ccccc1)c1c(O)c2ccccc2oc1=O,PJVWKTKQMONHTI-UHFFFAOYSA-N,warfarin,dilist
CC(c1cc2ccccc2s1)N(O)C(N)=O,MWLSOWXNZPKENC-UHFFFAOYSA-N,zileuton,dilist
Cc1cc(C#N)cc(C)c1Oc1nc(Nc2ccc(C#N)cc2)nc(N)c1Br,PYGWGZALEOIKDF-UHFFFAOYSA-N,etravirine,dilist
CC(C)c1cccc(C(C)C)c1OCOP(=O)(O)O,QVNNONOFASOXQV-UHFFFAOYSA-N,fospropofol,dilist
Cc1ccccc1C(=O)Nc1ccc(C(=O)N2CCCC(O)c3cc(Cl)ccc32)c(C)c1,GYHCTFXIZSNGJT-UHFFFAOYSA-N,tolvaptan,dilist
Cc1ccc(-n2[nH]c(C)c(N=Nc3cccc(-c4cccc(C(=O)O)c4)c3O)c2=O)cc1C,SVOQIEJWJCQGDQ-UHFFFAOYSA-N,eltrombopag olamine,dilist
CC(=O)Oc1cc2c(s1)CCN(C(C(=O)C1CC1)c1ccccc1F)C2,DTGLZDAWLRGWQN-UHFFFAOYSA-N,prasugrel hydrochloride,dilist
CCCCc1oc2ccc(NS(C)(=O)=O)cc2c1C(=O)c1ccc(OCCCN(CCCC)CCCC)cc1,ZQTNQVWKHCQYLQ-UHFFFAOYSA-N,dronedarone,dilist
Cc1ccc(Nc2nccc(N(C)c3ccc4c(C)n(C)nc4c3)n2)cc1S(N)(=O)=O,CUIHSIWYWATEQL-UHFFFAOYSA-N,pazopanib,dilist
Cc1ccc(Nc2c(F)cccc2Cl)c(CC(=O)O)c1,KHPKQFYUPIUARC-UHFFFAOYSA-N,lumiracoxib,dilist
Cc1nc(C)c2c(n1)N(Cc1ccc(-c3ccccc3-c3nn[nH]n3)cc1)C(=O)CC2,ADXGNEYLLLSOAR-UHFFFAOYSA-N,tasosartan,dilist
O=C1Nc2ccccc2C1(c1ccc(O)cc1)c1ccc(O)cc1,SJDACOMXKWHBOW-UHFFFAOYSA-N,oxyphenisatin,dilist
Cc1cc(Br)c(O)c2ncccc12,JMOVFFLYGIQXMM-UHFFFAOYSA-N,tilbroquinol,dilist
C=CCOc1ccc(CC(=O)O)cc1Cl,ARHWPKZXBHOEEE-UHFFFAOYSA-N,alclofenac,dilist
CCCCN1C(=O)C(C(O)C2CCCCC2)NC(=O)C12CCN(Cc1ccc(Oc3ccc(C(=O)O)cc3)cc1)CC2,GWNOTCOIYUNTQP-UHFFFAOYSA-N,aplaviroc ,dilist
CN(C)CCCC1c2ccccc2Nc2ccc(Cl)cc21,JFRLWWDJCFYFSU-UHFFFAOYSA-N,clomacran,dilist
CC(C)Nc1ncccn1,FTCYIGBVOHNHCD-UHFFFAOYSA-N,isaxonine,dilist
NC(=O)C1CCN(CCCN2c3ccccc3Sc3ccc(Cl)cc32)CC1,OSJJYEUEJRVVOD-UHFFFAOYSA-N,pipamazine,dilist
CCOC1OC(=O)CC1NC(=O)C1CCCN2C(=O)CCC(NC(=O)c3nccc4ccccc34)C(=O)N12,CXAGHAZMQSCAKJ-UHFFFAOYSA-N,pralnacasan ,dilist
NC(=O)NS(=O)(=O)c1ccc(N)cc1,WVAKABMNNSMCDK-UHFFFAOYSA-N,sulfacarbamide,dilist
CC(=O)Oc1ccc(C2(c3ccc(OC(C)=O)cc3)C(=O)N(C(C)=O)c3ccccc32)cc1,JPGUEMQIAGJQSJ-UHFFFAOYSA-N,triacetyldiphenolisatin,dilist
COc1cccc2c1C1CN(CCCCn3c(=O)[nH]c4c(sc5ncc(-c6ccccc6)nc54)c3=O)CC1CO2,WDTAYDBPNYFWDR-UHFFFAOYSA-N,fiduxosin ,dilist
CON=C(N)c1ccc(-c2ccc(-c3ccc(C(=N)NOC)cc3)o2)cc1,UKOQVLAXCBRRGH-UHFFFAOYSA-N,pafuramidine ,dilist
CC(COc1ccccc1)NN,QNEXFJFTGQBXBJ-UHFFFAOYSA-N,phenoxypropazine,dilist
CCCCNc1ccc(C(=O)OCCOCCOCCOCCOCCOCCOCCOCCOCCOC)cc1,MAFMQEKGGFWBAB-UHFFFAOYSA-N,benzonatate,dilist
CC(C)(N)Cc1ccccc1,DHHVAGZRUROJKS-UHFFFAOYSA-N,phentermine,dilist
NS(=O)(=O)c1cc2c(cc1C(F)(F)F)NC(Cc1ccccc1)NS2(=O)=O,HDWIHXWEUNVBIY-UHFFFAOYSA-N,bendroflumethiazide,dilist
Cc1cc(C)cc(OCC2CNC(=O)O2)c1,IMWZZHHPURKASS-UHFFFAOYSA-N,metaxalone,dilist
CC12COC(=O)CC1CCC1C2CCC2(C)C1CCC2(C)O,QSLJIVKCVHQPLV-UHFFFAOYSA-N,oxandrolone,dilist
CNC1(c2ccccc2Cl)CCCCC1=O,YQEZLKZALYSWHR-UHFFFAOYSA-N,ketamine,dilist
CC(C)(C)NCC(O)c1cc(O)cc(O)c1,XWTYSIMOBUGWOL-UHFFFAOYSA-N,terbutaline,dilist
CC(=O)NC1C(O)OC(COS(=O)(=O)O)C(OC2OC(C(=O)O)C(OC3OC(CO)C(OC4OC(C(=O)O)C(O)C(O)C4OS(=O)(=O)O)C(OS(=O)(=O)O)C3NS(=O)(=O)O)C(O)C2OS(=O)(=O)O)C1O,HTTJABKRGRZYRN-UHFFFAOYSA-N,enoxaparin,dilist
NCCCC(O)(P(=O)(O)O)P(=O)(O)O,OGSPWJRAVKPPFI-UHFFFAOYSA-N,alendronate,dilist
CCOc1ccccc1OCCNC(C)Cc1ccc(OC)c(S(N)(=O)=O)c1,DRHKJLXJIQTDTD-UHFFFAOYSA-N,tamsulosin,dilist
CCC(=O)N(c1ccccc1)C1(C(=O)OC)CCN(CCC(=O)OC)CC1,ZTVQQQVZCWLTDF-UHFFFAOYSA-N,remifentanil,dilist
CC(C)CC(N(C)C)C1(c2ccc(Cl)cc2)CCC1,UNAANXDKBXWMLN-UHFFFAOYSA-N,sibutramine,dilist
CCCN(CCC)CCc1cccc2[nH]c(O)cc12,FBYFJOVKHROJSY-UHFFFAOYSA-N,ropinirole,dilist
CCOc1cc(CC(=O)NC(CC(C)C)c2ccccc2N2CCCCC2)ccc1C(=O)O,FAEKWTJYAYMJKF-UHFFFAOYSA-N,repaglinide,dilist
CCCCC1=NC2(CCCC2)C(=O)N1Cc1ccc(-c2ccccc2-c2nn[nH]n2)cc1,YOSHYTLCDANDAN-UHFFFAOYSA-N,irbesartan,dilist
Cc1c(O)cccc1C(=O)NC(CSc1ccccc1)C(O)CN1CC2CCCCC2CC1C(=O)NC(C)(C)C,QAGYKUNXZHXKMR-UHFFFAOYSA-N,nelfinavir,dilist
CCN(C)C(=O)Oc1cccc(C(C)N(C)C)c1,XSVMFMHYUFZWBK-UHFFFAOYSA-N,rivastigmine,dilist
Oc1cc2cc(CCN3CCN(c4nsc5ccccc45)CC3)c(Cl)cc2[nH]1,CARRCRVKWDEWCD-UHFFFAOYSA-N,ziprasidone,dilist
CCOc1nc2cccc(C(=O)O)c2n1Cc1ccc(-c2ccccc2-c2nn[nH]n2)cc1,HTQMVQVXFRQIKW-UHFFFAOYSA-N,candesartan,dilist
COC(=O)C(c1ccccc1Cl)N1CCc2sccc2C1,GKTWGGQPFAXNFI-UHFFFAOYSA-N,clopidogrel,dilist
O=c1[nH]cc(F)c(=O)[nH]1,GHASVSINZRGABV-UHFFFAOYSA-N,fluorouracil,dilist
CCCc1nn(C)c2c(=O)[nH]c(-c3cc(S(=O)(=O)N4CCN(C)CC4)ccc3OCC)nc12,BNRNXUUZRGQAQC-UHFFFAOYSA-N,sildenafil,dilist
CC1OC(OC2C(CO)OC(OC3C(CO)OC(O)C(O)C3O)C(O)C2O)C(O)C(O)C1NC1C=C(CO)C(O)C(O)C1O,XUFXOAAUWZOOIT-UHFFFAOYSA-N,acarbose,dilist
CCCC(=O)Nc1ccc(OCC(O)CNC(C)C)c(C(C)=O)c1,GOEMGAFJFRBGGG-UHFFFAOYSA-N,acebutolol,dilist
COc1cc(C)c(C=CC(C)=CC=CC(C)=CC(=O)O)c(C)c1C,IHUNBGSDBOWDMA-UHFFFAOYSA-N,acitretin,dilist
NC(=O)N1c2ccccc2CC(=O)c2ccccc21,CTRLABGOLIVAIY-UHFFFAOYSA-N,oxcarbazepine,dilist
CCC(C(N)=O)N1CCCC1=O,HPHUVLMMVZITSG-UHFFFAOYSA-N,levetiracetam,dilist
CCCN(CCC)C(=O)Cc1c(-c2ccc(Cl)cc2)nc2ccc(Cl)cn12,JRTIDHTUMYMPRU-UHFFFAOYSA-N,alpidem,dilist
C=C(c1ccc(C(=O)O)cc1)c1cc2c(cc1C)C(C)(C)CCC2(C)C,NAVMQTYZDKMPEU-UHFFFAOYSA-N,bexarotene,dilist
Cc1[nH]cnc1CN1CCc2c(c3ccccc3n2C)C1=O,JSWZEAMFRNKZNL-UHFFFAOYSA-N,alosetron,dilist
NC(Cc1cc(I)c(Oc2cc(I)c(O)c(I)c2)c(I)c1)C(=O)O,XUIIKFGFIJCVMT-UHFFFAOYSA-N,levothyroxine,dilist
CC(=O)NCC1CN(c2ccc(N3CCOCC3)c(F)c2)C(=O)O1,TYZROVQLWOKYKF-UHFFFAOYSA-N,linezolid,dilist
CON=C1CN(c2nc3c(cc2F)c(=O)c(C(=O)O)cn3C2CC2)CC1CN,ZRCVYEYHRGVLOC-UHFFFAOYSA-N,gemifloxacin,dilist
Clc1ccc2c(c1)CCc1cccnc1C2=C1CCNCC1,JAUOIFJMECXRGI-UHFFFAOYSA-N,desloratadine,dilist
O=P(O)(O)C(O)(Cn1ccnc1)P(=O)(O)O,XRASPMIURGNCCH-UHFFFAOYSA-N,zoledronate,dilist
CC(c1ncncc1F)C(O)(Cn1cncn1)c1ccc(F)cc1F,BCEHBSKCWLPMDN-UHFFFAOYSA-N,voriconazole,dilist
COc1cc2nc(N(C)CCCNC(=O)C3CCCO3)nc(N)c2cc1OC,WNMJYKCGWZFFKR-UHFFFAOYSA-N,alfuzosin,dilist
NCC(CC(=O)O)c1ccc(Cl)cc1,KPYSYYIEGFHWSV-UHFFFAOYSA-N,baclofen,dilist
CCOC(=O)C(CCc1ccccc1)NC1CCc2ccccc2N(CC(=O)O)C1=O,XPCFTKFZXHTYIP-UHFFFAOYSA-N,benazepril,dilist
O=C(O)COc1nn(Cc2ccccc2)c2ccccc12,BYFMCKSPFYVMOU-UHFFFAOYSA-N,bendazac,dilist
CCc1oc2ccccc2c1C(=O)c1ccc(O)cc1,RFRXIWQYSOIBDI-UHFFFAOYSA-N,benzarone,dilist
CCc1oc2ccccc2c1C(=O)c1cc(I)c(O)c(I)c1,CZCHIEJNWPNBDE-UHFFFAOYSA-N,benziodarone,dilist
CNCCC(Oc1ccccc1C)c1ccccc1,VHGCDTVCOLNTBX-UHFFFAOYSA-N,atomoxetine,dilist
COc1ccccc1Oc1c(NS(=O)(=O)c2ccc(C(C)(C)C)cc2)nc(-c2ncccn2)nc1OCCO,GJPICJJJRGTNOD-UHFFFAOYSA-N,bosentan,dilist
CC(=O)NCCCS(=O)(=O)O,AFCGFAGUEYAMAO-UHFFFAOYSA-N,acamprosate,dilist
O=C1C(CCC(O)c2ccc(F)cc2)C(c2ccc(O)cc2)N1c1ccc(F)cc1,OLNTVTPDXPETLC-UHFFFAOYSA-N,ezetimibe,dilist
CC(C)CC(CN)CC(=O)O,AYXYPKUFHZROOJ-UHFFFAOYSA-N,pregabalin,dilist
Nc1ncnc2c1ncn2CCOCP(=O)(O)O,SUPKOOSCJHTBAH-UHFFFAOYSA-N,adefovir,dilist
CC1(C)SC2C(NC(=O)C(C(=O)O)c3ccccc3)C(=O)N2C1C(=O)O,FPPNZSSZRUTDAP-UHFFFAOYSA-N,carbenicillin,dilist
NC(C(=O)NC1C(=O)N2C(C(=O)O)=C(Cl)CSC12)c1ccccc1,QYIYFLOTGYLRGG-UHFFFAOYSA-N,cefaclor,dilist
CC1=C(C(=O)O)N2C(=O)C(NC(=O)C(N)c3ccc(O)cc3)C2SC1,BOEGTKLJZSQCCD-UHFFFAOYSA-N,cefadroxil,dilist
Cc1nnc(SCC2=C(C(=O)O)N3C(=O)C(NC(=O)Cn4cnnn4)C3SC2)s1,MLYYVTUWGNIJIB-UHFFFAOYSA-N,cefazolin,dilist
CON=C(C(=O)NC1C(=O)N2C(C(=O)[O-])=C(C[N+]3(C)CCCC3)CSC12)c1csc(N)n1,HVFLCNVBZFFHBT-UHFFFAOYSA-N,cefepime,dilist
CCN1CCN(C(=O)NC(C(=O)NC2C(=O)N3C(C(=O)O)=C(CSc4nnnn4C)CSC23)c2ccc(O)cc2)C(=O)C1=O,GCFBRXLSHGKWDP-UHFFFAOYSA-N,cefoperazone,dilist
CON=C(C(=O)NC1C(=O)N2C(C(=O)O)=C(COC(C)=O)CSC12)c1csc(N)n1,GPRBEKHLDVQUJE-UHFFFAOYSA-N,cefotaxime,dilist
CC=CC1=C(C(=O)O)N2C(=O)C(NC(=O)C(N)c3ccc(O)cc3)C2SC1,WDLWHQDACQUCJR-UHFFFAOYSA-N,cefprozil,dilist
CON=C(C(=O)NC1C(=O)N2C(C(=O)O)=C(CSc3nc(=O)c(=O)[nH]n3C)CSC12)c1csc(N)n1,VAAUVRVFOQPIGI-UHFFFAOYSA-N,ceftriaxone,dilist
CON=C(C(=O)NC1C(=O)N2C(C(=O)O)=C(COC(N)=O)CSC12)c1ccco1,JFPVXVDWJQMJEE-UHFFFAOYSA-N,cefuroxime,dilist
CCCCCOc1ccc(-c2cc(-c3ccc(C(=O)NC4CC(O)C(O)NC(=O)C5C(O)C(C)CN5C(=O)C(C(O)CC(N)=O)NC(=O)C(C(O)C(O)c5ccc(O)c(OS(=O)(=O)O)c5)NC(=O)C5CC(O)CN5C(=O)C(C(C)O)NC4=O)cc3)no2)cc1,PIEUQSKUWLMALL-UHFFFAOYSA-N,micafungin,dilist
CC1=C(C(=O)O)N2C(=O)C(NC(=O)C(N)c3ccccc3)C2SC1,ZAIPMKNFIOOWCQ-UHFFFAOYSA-N,cephalexin,dilist
CN=C1CN(O)C(c2ccccc2)=c2cc(Cl)ccc2=N1,BUCORZSTKDOEKQ-UHFFFAOYSA-N,chlordiazepoxide,dilist
COC(=O)NC(C(=O)NC(Cc1ccccc1)C(O)CN(Cc1ccc(-c2ccccn2)cc1)NC(=O)C(NC(=O)OC)C(C)(C)C)C(C)(C)C,AXRYRYVKAWYZBR-UHFFFAOYSA-N,atazanavir,dilist
CCCCCCCCCC(=O)NC(Cc1c[nH]c2ccccc12)C(=O)NC(CC(N)=O)C(=O)NC(CC(=O)O)C(=O)NC1C(=O)NCC(=O)NC(CCCN)C(=O)NC(CC(=O)O)C(=O)NC(C)C(=O)NC(CC(=O)O)C(=O)NCC(=O)NC(CO)C(=O)NC(C(C)CC(=O)O)C(=O)NC(CC(=O)c2ccccc2N)C(=O)OC1C,DOAKLVKFURWEDJ-UHFFFAOYSA-N,daptomycin,dilist
CN1C(=O)CCS(=O)(=O)C1c1ccc(Cl)cc1,WEQAYVWKMWHEJO-UHFFFAOYSA-N,chlormezanone,dilist
CCN(CC)CCCC(C)Nc1ccnc2cc(Cl)ccc12,WHTVZRBIWZFKQO-UHFFFAOYSA-N,chloroquine,dilist
NS(=O)(=O)c1cc2c(cc1Cl)N=CNS2(=O)=O,JBMKAUGHUNFTOL-UHFFFAOYSA-N,chlorothiazide,dilist
C#Cc1cccc(Nc2ncnc3cc(OCCOC)c(OCCOC)cc23)c1,AAKJLRGGTJKAMG-UHFFFAOYSA-N,erlotinib,dilist
CN=C(NC#N)NCCSCc1[nH]cnc1C,AQIXAKUUQRKLND-UHFFFAOYSA-N,cimetidine,dilist
O=C(O)c1cc(-c2ccccc2)nc2ccccc12,YTRMTPPVNRALON-UHFFFAOYSA-N,cinchophen,dilist
CCCC1(CCc2ccccc2)CC(=O)C(C(CC)c2cccc(NS(=O)(=O)c3ccc(C(F)(F)F)cn3)c2)C(=O)O1,MYXACKZCYFKMTE-UHFFFAOYSA-N,tipranavir,dilist
CCCC1CC(C(=O)NC(C(C)Cl)C2OC(SC)C(O)C(O)C2O)N(C)C1,KDLRVYVGXIQJDK-UHFFFAOYSA-N,clindamycin,dilist
COc1ccc2c(C(=O)c3ccc(Cl)cc3)c(C)n(CC(=O)O)c2c1,DGMZLCLHHVYDIS-UHFFFAOYSA-N,clometacin,dilist
COc1nc(N)nc2c1ncn2C1OC(CO)C(O)C1O,IXOXBSCIXZEQEQ-UHFFFAOYSA-N,nelarabine,dilist
Cc1onc(-c2ccccc2Cl)c1C(=O)NC1C(=O)N2C1SC(C)(C)C2C(=O)O,LQOLIRLGBULYKD-UHFFFAOYSA-N,cloxacillin,dilist
Nc1cccc2c1CN(C1CCC(=O)NC1=O)C2=O,GOTYRUGSSMKFNF-UHFFFAOYSA-N,lenalidomide,dilist
CNC(=O)c1cc(Oc2ccc(NC(=O)Nc3ccc(Cl)c(C(F)(F)F)c3)cc2)ccn1,MLDQJTXFUGDVEO-UHFFFAOYSA-N,sorafenib,dilist
c1cnc2cc3c(cc2n1)C1CNCC3C1,JQSHBVHOMNKWFT-UHFFFAOYSA-N,varenicline,dilist
CC(C)CN(CC(O)C(Cc1ccccc1)NC(=O)OC1COC2OCCC12)S(=O)(=O)c1ccc(N)cc1,CJBJHOAVZSMMDJ-UHFFFAOYSA-N,darunavir,dilist
COCCCOc1cc(CC(CC(N)C(O)CC(C(=O)NCC(C)(C)C(N)=O)C(C)C)C(C)C)ccc1OC,UXOWGYHJODZGMF-UHFFFAOYSA-N,aliskiren,dilist
Cc1nc(Nc2ncc(C(=O)Nc3c(C)cccc3Cl)s2)cc(N2CCN(CCO)CC2)n1,ZBNZXTGUTAYRHI-UHFFFAOYSA-N,dasatinib,dilist
CN(C)CCC=C1c2ccccc2C=Cc2ccccc21,JURKNVYFZMSNLP-UHFFFAOYSA-N,cyclobenzaprine,dilist
CC(=O)Oc1ccc(C(=C2CCCCC2)c2ccc(OC(C)=O)cc2)cc1,GVOUFPWUYJWQSK-UHFFFAOYSA-N,cyclofenil,dilist
NC(CC(=O)N1CCn2c(nnc2C(F)(F)F)C1)Cc1cc(F)c(F)cc1F,MFFMDFFZMYYVKS-UHFFFAOYSA-N,sitagliptin,dilist
CN1CCC(=C2c3ccccc3C=Cc3ccccc32)CC1,JJCFRYNCJDLXIK-UHFFFAOYSA-N,cyproheptadine,dilist
CCN(CC)C(=O)C1(c2ccccc2)CC1CN,GJJFMKBJSRMPLA-UHFFFAOYSA-N,milnacipran,dilist
O=c1[nH]cnc2c1ncn2C1CCC(CO)O1,BXZVVICBKDXVGW-UHFFFAOYSA-N,didanosine,dilist
COc1c(C)c2c(c(O)c1CC=C(C)CCC(=O)OCCN1CCOCC1)C(=O)OC2,RTGDFNSFWBGLEC-UHFFFAOYSA-N,mycophenolate mofetil,dilist
C=CC1=C(C(=O)O)N2C(=O)C(NC(=O)C(=NO)c3csc(N)n3)C2SC1,RTXOFQZKPXMALH-UHFFFAOYSA-N,cefdinir,dilist
COc1ccc(C2Sc3ccccc3N(CCN(C)C)C(=O)C2OC(C)=O)cc1,HSUGRBWQSSZJOP-UHFFFAOYSA-N,diltiazem,dilist
CC(C)N(CCC(C(N)=O)(c1ccccc1)c1ccccn1)C(C)C,UVTNFZQICZKOEM-UHFFFAOYSA-N,disopyramide,dilist
C=C(CN(C)C)C(=O)c1ccc(C)cc1C,QXLQZLBNPTZMRK-UHFFFAOYSA-N,asparaginase,dilist
CC(=O)OC12COC1CC(O)C1(C)C(=O)C(=O)C3C(C)C(OC(=O)C(O)C(NC(=O)OC(C)(C)C)c4ccccc4)CC(O)(C(OC(=O)c4ccccc4)C21)C3(C)C,ROQZUJKOMJECOM-UHFFFAOYSA-N,docetaxel,dilist
CN(C)CCC=C1c2ccccc2COc2ccccc21,ODQWQRRAPPTVAG-UHFFFAOYSA-N,doxepin,dilist
CN1c2c(oc(=O)n(-c3ccccn3)c2=O)-c2ccccc2S1(=O)=O,OEHFRZLKGRKFAS-UHFFFAOYSA-N,droxicam,dilist
O=C1Nc2ccc(Cl)cc2C(C#CC2CC2)(C(F)(F)F)O1,XPOQHMRABVBWPR-UHFFFAOYSA-N,efavirenz,dilist
CC12CCC3c4ccc(OC(=O)N(CCCl)CCCl)cc4CCC3C1CCC2O,FRPJXPJMRWBBIH-UHFFFAOYSA-N,estramustine,dilist
CCC(CO)NCCNC(CC)CO,AEUTYOVWOVBAKS-UHFFFAOYSA-N,ethambutol,dilist
CCc1cc(C(N)=S)ccn1,AEOCXXJPGCBFJA-UHFFFAOYSA-N,ethionamide,dilist
O=C(c1cc(O)c(O)c(O)c1)c1ccc(O)c(O)c1O,XEDWWPGWIXPVRQ-UHFFFAOYSA-N,exifone,dilist
O=c1[nH]c(=O)n(C2OC(CO)C(O)C2F)cc1I,IPVFGAYTKQKGBM-UHFFFAOYSA-N,fialuridine,dilist
O=C(COc1ccc(Cl)cc1)N1CCN(Cc2ccc3c(c2)OCO3)CC1,BFUJHVVEMMWLHC-UHFFFAOYSA-N,fipexide,dilist
O=C(NCC1CCCCN1)c1cc(OCC(F)(F)F)ccc1OCC(F)(F)F,DJBNUMBKLMJRSA-UHFFFAOYSA-N,flecainide,dilist
CCN(CC)CCN1C(=O)CN=C(c2ccccc2F)c2cc(Cl)ccc21,SAADBVWGJQAEFS-UHFFFAOYSA-N,flurazepam,dilist
CC1OC1P(=O)(O)O,YMDXZJFXQJVXBF-UHFFFAOYSA-N,fosfomycin,dilist
CCC(=O)OC(OP(=O)(CCCCc1ccccc1)CC(=O)N1CC(C2CCCCC2)CC1C(=O)O)C(C)C,BIDNLKIUORFRQP-UHFFFAOYSA-N,fosinopril,dilist
O=C1NC(c2ccccc2)(c2ccccc2)C(=O)N1COP(=O)(O)O,XWLUWCNOOVRFPX-UHFFFAOYSA-N,fosphenytoin,dilist
Nc1ccn(C2OC(CO)C(O)C2(F)F)c(=O)n1,SDUQYLNIPVEERB-UHFFFAOYSA-N,gemcitabine,dilist
NS(=O)(=O)c1cc2c(cc1Cl)NCNS2(=O)=O,JZUFKLXOESDKRF-UHFFFAOYSA-N,hydrochlorothiazide,dilist
CCc1c2c(nc3ccc(OC(=O)N4CCC(N5CCCCC5)CC4)cc13)-c1cc3c(c(=O)n1C2)COC(=O)C3(O)CC,UWKQSNNFCGGAFS-UHFFFAOYSA-N,irinotecan,dilist
COC(=O)C1=C(C)N=C(C)C(C(=O)OC(C)C)C1c1cccc2nonc12,CNXVIBRFWKALQW-UHFFFAOYSA-N,isradipine,dilist
Nc1nnc(-c2cccc(Cl)c2Cl)c(N)n1,PYZRQGJRPPTADH-UHFFFAOYSA-N,lamotrigine,dilist
CC1COc2c(N3CCN(C)CC3)c(F)cc3c(=O)c(C(=O)O)cn1c23,GSDSWSVVBLHKDQ-UHFFFAOYSA-N,levofloxacin,dilist
NCCCCC(NC(CCc1ccccc1)C(=O)O)C(=O)N1CCCC1C(=O)O,RLAWWYSOJDYHDC-UHFFFAOYSA-N,lisinopril,dilist
NC(C(=O)NC1C(=O)N2C(C(=O)O)=C(Cl)CCC12)c1ccccc1,JAPHQRWPEGVNBT-UHFFFAOYSA-N,loracarbef,dilist
CCCCc1nc(Cl)c(CO)n1Cc1ccc(-c2ccccc2-c2nn[nH]n2)cc1,PSIFNNKUMBGKDQ-UHFFFAOYSA-N,losartan,dilist
CC(NN)c1ccccc1,HHRZAEJMHSGZNP-UHFFFAOYSA-N,mebanazine,dilist
OC(c1cc(C(F)(F)F)nc2c(C(F)(F)F)cccc12)C1CCCCN1,XEEQGYMUWCZPDN-UHFFFAOYSA-N,mefloquine,dilist
NC(Cc1ccc(N(CCCl)CCCl)cc1)C(=O)O,SGDBTWWWUNNDEQ-UHFFFAOYSA-N,melphalan,dilist
CC(O)C1C(=O)N2C(C(=O)O)=C(SC3CNC(C(=O)N(C)C)C3)C(C)C12,DMJNNHOOLUXYBV-UHFFFAOYSA-N,meropenem,dilist
CC(=O)N=c1sc(S(N)(=O)=O)nn1C,FLOSMHQXBMRNHR-UHFFFAOYSA-N,methazolamide,dilist
COc1c2occc2cc2ccc(=O)oc12,QXKHYNVANLEOEG-UHFFFAOYSA-N,methoxsalen,dilist
COC(=O)C(c1ccccc1)C1CCCCN1,DUGOZIWVEXMGBE-UHFFFAOYSA-N,methylphenidate,dilist
CCN(CC)CCNC(=O)c1cc(Cl)c(N)cc1OC,TTWJBBZEZQICBI-UHFFFAOYSA-N,metoclopramide,dilist
Cc1cccc(C)c1OCC(C)N,VLPIATFUUWWMKC-UHFFFAOYSA-N,mexiletine,dilist
CN1CCN2c3ncccc3Cc3ccccc3C2C1,RONZAEMNMFQXRA-UHFFFAOYSA-N,mirtazapine,dilist
O=C1C=CC(=O)c2c1c(O)c1c(NCCNCCO)ccc(NCCNCCO)c1c2O,BWGNRRGTNFKGQK-UHFFFAOYSA-N,mitoxantrone,dilist
CC(=O)Oc1cc(C(C)C)c(OCCN(C)C)cc1C,VRYMTAVOXVTQEF-UHFFFAOYSA-N,moxisylyte,dilist
CCOc1ccc2ccccc2c1C(=O)NC1C(=O)N2C1SC(C)(C)C2C(=O)O,GPXLMGHLHQJAGZ-UHFFFAOYSA-N,nafcillin,dilist
O=C(CCNNC(=O)c1ccncc1)NCc1ccccc1,NOIIUHRQUVNIDD-UHFFFAOYSA-N,nialamide,dilist
CN(C)Cc1ccc(CSCCN=C(C[N+](=O)[O-])NCc2ccc3c(c2)OCO3)o1,LHOFXYDWNYKUPN-UHFFFAOYSA-N,niperotidine,dilist
CN1Cc2c(N)cccc2C(c2ccccc2)C1,XXPANQJNYNUNES-UHFFFAOYSA-N,nomifensine,dilist
CCn1cc(C(=O)O)c(=O)c2cc(F)c(N3CCNCC3)cc21,OGJPXUAPXNRGGI-UHFFFAOYSA-N,norfloxacin,dilist
CNCCC=C1c2ccccc2CCc2ccccc21,PHVGLTMQBUFIQQ-UHFFFAOYSA-N,nortriptyline,dilist
CC(O)C(CO)NC(=O)C1CSSCC(NC(=O)C(N)Cc2ccccc2)C(=O)NC(Cc2ccccc2)C(=O)NC(Cc2c[nH]c3ccccc23)C(=O)NC(CCCCN)C(=O)NC(C(C)O)C(=O)N1,DEQANNDTNATYII-UHFFFAOYSA-N,octreotide,dilist
Cc1nccn1CC1CCc2c(c3ccccc3n2C)C1=O,FELGMEQIXOGIFQ-UHFFFAOYSA-N,ondansetron,dilist
Cc1onc(-c2ccccc2)c1C(=O)NC1C(=O)N2C1SC(C)(C)C2C(=O)O,UWYHMGVUTGAWSP-UHFFFAOYSA-N,oxacillin,dilist
COc1ccc(Cc2nccc3cc(OC)c(OC)cc23)cc1OC,XQYZDYMELSJDRZ-UHFFFAOYSA-N,papaverine,dilist
CC1(C)SC2C(NC(=O)Cc3ccccc3)C(=O)N2C1C(=O)O,JGSARLDLIJGVTE-UHFFFAOYSA-N,penicillin g,dilist
OCC1OC(n2cnc3c2N=CNCC3O)CC1O,FPVKHBSQESCIEP-UHFFFAOYSA-N,pentostatin,dilist
OCCN1CCN(CCCN2c3ccccc3Sc3ccc(Cl)cc32)CC1,RGCVKNLCSQQDEP-UHFFFAOYSA-N,perphenazine,dilist
NNCCc1ccccc1,RMUCZJUITONUFY-UHFFFAOYSA-N,phenelzine,dilist
CN1C(C(=O)Nc2ccccn2)C(=O)c2ccccc2S1(=O)=O,MNSCVRXKDINXEY-UHFFFAOYSA-N,piroxicam,dilist
CC(C(=O)O)c1ccc(N2CC=CC2)c(Cl)c1,PIDSZXPFGCURGN-UHFFFAOYSA-N,pirprofen,dilist
O=C(Oc1ccccc1C(=O)O)c1ccccc1O,WVYADZUPLLSGPU-UHFFFAOYSA-N,salsalate,dilist
CCN(CC)CCNC(=O)c1ccc(N)cc1,REQCZEXYDRLIBE-UHFFFAOYSA-N,procainamide,dilist
CCCNCC(O)COc1ccccc1C(=O)CCc1ccccc1,JWHAUXFOSRPERK-UHFFFAOYSA-N,propafenone,dilist
CC(C)c1cccc(C(C)C)c1O,OLBCVFGFOZPWHH-UHFFFAOYSA-N,propofol,dilist
CCc1nc(N)nc(N)c1-c1ccc(Cl)cc1,WKSAUQYGYAYLPV-UHFFFAOYSA-N,pyrimethamine,dilist
CCOC(=O)C(CCc1ccccc1)NC(C)C(=O)N1Cc2ccccc2CC1C(=O)O,JSDRRTOADPPCHY-UHFFFAOYSA-N,quinapril,dilist
C=CC1CN2CCC1CC2C(O)c1ccnc2ccc(OC)cc12,LOUPRKONTZGTKE-UHFFFAOYSA-N,quinidine,dilist
CCOC(=O)C(CCc1ccccc1)NC(C)C(=O)N1C(C(=O)O)CC2CCCC21,HDACQVRGBOVJII-UHFFFAOYSA-N,ramipril,dilist
Nc1nc2ccc(OC(F)(F)F)cc2s1,FTALBRSUTCGOEG-UHFFFAOYSA-N,riluzole,dilist
Cc1nc2n(c(=O)c1CCN1CCC(c3noc4cc(F)ccc34)CC1)CCCC2,RAPZEAPATHNIPO-UHFFFAOYSA-N,risperidone,dilist
CC(C)c1nc(CN(C)C(=O)NC(C(=O)NC(Cc2ccccc2)CC(O)C(Cc2ccccc2)NC(=O)OCc2cncs2)C(C)C)cs1,NCDNCNXCDXHOMX-UHFFFAOYSA-N,ritonavir,dilist
CC(C)(C)NC(=O)C1CC2CCCCC2CN1CC(O)C(Cc1ccccc1)NC(=O)C(CC(N)=O)NC(=O)c1ccc2ccccc2n1,QWAXKHKRTORLEM-UHFFFAOYSA-N,saquinavir,dilist
O=C(O)C(S)C(S)C(=O)O,ACTRVOBWPAIOHC-UHFFFAOYSA-N,succimer,dilist
COc1cc(C2c3cc4c(cc3C(OC3OC5COC(c6cccs6)OC5C(O)C3O)C3COC(=O)C23)OCO4)cc(OC)c1O,NRUKOCRGYNPUPR-UHFFFAOYSA-N,teniposide,dilist
S=P(N1CC1)(N1CC1)N1CC1,FOCVUCIESVLUNU-UHFFFAOYSA-N,thiotepa,dilist
CCCCCCCCNC(C)C(O)c1ccc(SC(C)C)cc1,BFCDFTHTSVTWOG-UHFFFAOYSA-N,sulcotidil,dilist
Cc1ccc(C(=O)c2ccc(CC(=O)O)n2C)cc1,UPSPUYADGBWSHF-UHFFFAOYSA-N,tolmetin,dilist
COc1ccc2c(C(=S)N(C)CC(=O)O)cccc2c1C(F)(F)F,LUBHDINQXIHVLS-UHFFFAOYSA-N,tolrestat,dilist
CCOC(=O)C(CCc1ccccc1)NC(C)C(=O)N1C(C(=O)O)CC2CCCCC21,VXFJYXUZANRPDJ-UHFFFAOYSA-N,trandolapril,dilist
NC1CC1c1ccccc1,AELCINSCMGFISI-UHFFFAOYSA-N,tranylcypromine,dilist
O=c1n(CCCN2CCN(c3cccc(Cl)c3)CC2)nc2ccccn12,PHLBKPHSAVXXEF-UHFFFAOYSA-N,trazodone,dilist
Nc1nc(N)c2nc(-c3ccccc3)c(N)nc2n1,FNYLWPVRPXGIIP-UHFFFAOYSA-N,triamterene,dilist
COc1cc(Cc2cnc(N)nc2N)cc(OC)c1OC,IEDVJHCEMCRBQM-UHFFFAOYSA-N,trimethoprim,dilist
O=C(O)Cc1csc(-c2ccc(Cl)cc2)n1,APBSKHYXXKHJFK-UHFFFAOYSA-N,fenclozic acid,dilist
N=C(N)N=c1[nH]c(CSCCN=CNS(=O)(=O)c2ccc(Br)cc2)cs1,ZQHFZHPUZXNPMF-UHFFFAOYSA-N,ebrotidine,dilist
O=C(O)COC(=O)Cc1ccccc1Nc1c(Cl)cccc1Cl,MNIPYSSQXLZQLJ-UHFFFAOYSA-N,aceclofenac,dilist
Cc1nc([N+](=O)[O-])cn1-c1ccc([N+](=O)[O-])cc1,NMTBSNPBIGRZBL-UHFFFAOYSA-N,nitrefazole,dilist
CC(C)C(N)C(=O)OCCOCn1cnc2c(=O)[nH]c(N)nc21,HDOVUKNUBWVHOX-UHFFFAOYSA-N,valaciclovir,dilist
CCCCC(=O)N(Cc1ccc(-c2ccccc2-c2nn[nH]n2)cc1)C(C(=O)O)C(C)C,ACWBQPMHZXGDFX-UHFFFAOYSA-N,valsartan,dilist
CCCCOCC(CN1C(=O)N(CC(COCCCC)OC(N)=O)C(=O)C(CC)(c2ccccc2)C1=O)OC(N)=O,GJJRIOLBUILIGK-UHFFFAOYSA-N,tetrabamate,dilist
CCC1(O)CC2CN(CCc3c([nH]c4ccccc34)C(C(=O)OC)(c3cc4c(cc3OC)N(C=O)C3C(O)(C(=O)OC)C(OC(C)=O)C5(CC)C=CCN6CCC43C65)C2)C1,OGWKCGZFUXNPDA-UHFFFAOYSA-N,vincristine,dilist
CCOC(=Nc1ccc(C(=O)O)cc1)C(O)c1ccc(-c2ccccc2)cc1,SBWAEKLSEIHGID-UHFFFAOYSA-N,xenazoic acid,dilist
COc1cc(C(=O)NS(=O)(=O)c2ccccc2C)ccc1Cc1cn(C)c2ccc(NC(=O)OC3CCCC3)cc12,YEEZWCHGZNKEEK-UHFFFAOYSA-N,zafirlukast,dilist
CN1CCC(Nc2ncc3ncnc(Nc4ccc(F)c(Cl)c4)c3n2)CC1,FTFRZXFNZVCRSK-UHFFFAOYSA-N,falnidamol ,dilist
CN(C)CC=C(c1ccc(Br)cc1)c1cccnc1,OYPPVKRFBIWMSX-UHFFFAOYSA-N,zimelidine,dilist
CC12CC3CC(C)(C1)CC(N)(C3)C2,BUGYDGFZZOZRHP-UHFFFAOYSA-N,memantine,dilist
CC(C)=c1nc(N(C)S(C)(=O)=O)nc(-c2ccc(F)cc2)c1=CCC(O)CC(O)CC(=O)O,DRLXVNRHGMULCY-UHFFFAOYSA-N,rosuvastatin,dilist
Cc1nnc(NS(=O)(=O)c2ccc(N)cc2)s1,VACCAVUAMIDAGB-UHFFFAOYSA-N,sulfamethizole,dilist
CCC1OC(=O)C(C)C(=O)C(C)C(OC2OC(C)CC(N(C)C)C2O)C(C)(OC)CC(C)C(=O)C(C)C2N(CCCCn3cnc(-c4cccnc4)c3)C(=O)OC12C,LJVAJPDWBABPEJ-UHFFFAOYSA-N,telithromycin,dilist
CCN(CC)C(=O)C(C#N)=Cc1cc(O)c(O)c([N+](=O)[O-])c1,JRURYQJSLYLRLN-UHFFFAOYSA-N,entacapone,dilist
Cc1onc(-c2ccccc2)c1-c1ccc(S(N)(=O)=O)cc1,LNPDTQAFDNKSHK-UHFFFAOYSA-N,valdecoxib,dilist
O=C(O)c1cc(=O)c2c(OCC(O)COc3cccc4oc(C(=O)O)cc(=O)c34)cccc2o1,IMZMKUWMOSJXDT-UHFFFAOYSA-N,cromoglicate,dilist
CC(C)(O)c1ccccc1CCC(SCC1(CC(=O)O)CC1)c1cccc(C=Cc2ccc3ccc(Cl)cc3n2)c1,UCHDWCPVSPXUMX-UHFFFAOYSA-N,montelukast,dilist
COc1c(N2CC3CCCNC3C2)c(F)cc2c(=O)c(C(=O)O)cn(C3CC3)c12,FABPRXSRWADJSP-UHFFFAOYSA-N,moxifloxacin,dilist
CCNC(=O)C1CCCN1C(=O)C(CCCN=C(N)N)NC(=O)C(CC(C)C)NC(=O)C(CC(C)C)NC(=O)C(Cc1ccc(O)cc1)NC(=O)C(CO)NC(=O)C(Cc1c[nH]c2ccccc12)NC(=O)C(Cc1c[nH]cn1)NC(=O)C1CCC(=O)N1,GFIJNRVAKGFPGQ-UHFFFAOYSA-N,leuprolide,dilist
CCN(CCO)CCCC(C)Nc1ccnc2cc(Cl)ccc12,XXSMGPRMXLTPCZ-UHFFFAOYSA-N,hydroxychloroquine,dilist
CCOC(=O)CNC(C(=O)N1CCC1C(=O)NCc1ccc(C(N)=NO)cc1)C1CCCCC1,ZXIBCJHYVWYIKI-UHFFFAOYSA-N,ximelagatran,dilist
CNCCC(Oc1cccc2ccccc12)c1cccs1,ZEUITGRIYCTCEM-UHFFFAOYSA-N,duloxetine,dilist
Cc1onc(-c2c(Cl)cccc2Cl)c1C(=O)NC1C(=O)N2C1SC(C)(C)C2C(=O)O,YFAGHNZHGGCZAX-UHFFFAOYSA-N,dicloxacillin,dilist
CCCc1nc2c(C)cc(-c3nc4ccccc4n3C)cc2n1Cc1ccc(-c2ccccc2C(=O)O)cc1,RMMXLENWKUUMAY-UHFFFAOYSA-N,telmisartan,dilist
N=C(N)NC(=O)c1nc(Cl)c(N)nc1N,XSDQTOBWRPYKKA-UHFFFAOYSA-N,amiloride,dilist
O=C(OCC(O)CO)c1ccccc1Nc1ccnc2cc(Cl)ccc12,GWOFUCIGLDBNKM-UHFFFAOYSA-N,glafenine,dilist
CC(N)Cc1ccccc1,KWTSXDURSIMDCE-UHFFFAOYSA-N,amphetamine,dilist
CN1CCCC(CN2c3ccccc3Sc3ccccc32)C1,CBHCDHNUZWWAPP-UHFFFAOYSA-N,mepazine,dilist
CCCCCCCCCC(=O)OC1CCC2C3CC=C4CC(=O)CCC4C3CCC12C,BIGVGNXBSPFFKD-UHFFFAOYSA-N,nandrolone decanoate,dilist
CS(=O)(=O)CCNCc1ccc(-c2ccc3ncnc(Nc4ccc(OCc5cccc(F)c5)c(Cl)c4)c3c2)o1,BCFGMOOMADDAQU-UHFFFAOYSA-N,lapatinib,dilist
CC(N)C(=O)OC(C)(C)Cc1ccc(Cl)cc1,FZSPJBYOKQPKCD-UHFFFAOYSA-N,alaproclate,dilist
CCCCCCCCCCCC(CC1OC(=O)C1CCCCCC)OC(=O)C(CC(C)C)NC=O,AHLBNYSZXLDEJQ-UHFFFAOYSA-N,orlistat,dilist
CC(Cn1cnc2c(N)ncnc21)OCP(=O)(O)O,SGOIRFVFHAKUTI-UHFFFAOYSA-N,tenofovir,dilist
Cc1cc2c(cc1CC(=O)c1sccc1S(=O)(=O)Nc1onc(C)c1Cl)OCO2,PHWXUGHIIBDVKD-UHFFFAOYSA-N,sitaxsentan,dilist
O=c1[nH]c(=O)n(C2CC(O)C(CO)O2)cc1F,ODKNJVUHOIMIIZ-UHFFFAOYSA-N,floxuridine,dilist
Cc1onc(-c2c(F)cccc2Cl)c1C(=O)NC1C(=O)N2C1SC(C)(C)C2C(=O)O,UIOFUWFRIANQPC-UHFFFAOYSA-N,flucloxacillin,dilist
FC(F)(F)C(Cl)Br,BCQZXOMGPXTTIC-UHFFFAOYSA-N,halothane,dilist
CC(=O)c1ccc(S(=O)(=O)NC(=O)NC2CCCCC2)cc1,VGZSUPCWNCWDAN-UHFFFAOYSA-N,acetohexamide,dilist
Cn1c(CNc2ccc(C(=N)N)cc2)nc2cc(C(=O)N(CCC(=O)O)c3ccccn3)ccc21,YBSJFWOBGCMAKL-UHFFFAOYSA-N,dabigatran,dilist
Cc1ccc(S(=O)(=O)NC(=O)NN2CC3CCCC3C2)cc1,BOVGTQGAOIONJV-UHFFFAOYSA-N,gliclazide,dilist
CC(O)C1C(=O)N2C(C(=O)O)=C(SCCN=CN)CC12,ZSKVGTPCRGIANV-UHFFFAOYSA-N,imipenem,dilist
Cc1cccc(C)c1OCC(=O)NC(Cc1ccccc1)C(O)CC(Cc1ccccc1)NC(=O)C(C(C)C)N1CCCNC1=O,KJHKTHWMRKYKJE-UHFFFAOYSA-N,lopinavir,dilist
CCc1c(C)[nH]c2c1C(=O)C(CN1CCOCC1)CC2,KLPWJLBORRMFGK-UHFFFAOYSA-N,molindone,dilist
COC(C(=O)C(O)C(C)O)C1Cc2cc3cc(OC4CC(OC5CC(O)C(O)C(C)O5)C(O)C(C)O4)c(C)c(O)c3c(O)c2C(=O)C1OC1CC(OC2CC(OC3CC(C)(O)C(O)C(C)O3)C(O)C(C)O2)C(O)C(C)O1,CFCUWKMKBJTWLW-UHFFFAOYSA-N,plicamycin,dilist
Cc1cc(C=CC#N)cc(C)c1Nc1ccnc(Nc2ccc(C#N)cc2)n1,YIBOMRUWOWDFLG-UHFFFAOYSA-N,rilpivirine,dilist
C#CC1(O)CCC2C3C(C)C=C4CC(=O)CCC4C3CCC21C,AMSBRQDLADKBGS-UHFFFAOYSA-N,tibolone,dilist
NCC1OC(OC2C(N)CC(N)C(OC3OC(CO)C(O)C(N)C3O)C2O)C(N)CC1O,NLVFBUXFDBBNBW-UHFFFAOYSA-N,tobramycin,dilist
CS(=O)(=O)c1ccc(C(=O)Nc2ccc(Cl)c(-c3ccccn3)c2)c(Cl)c1,BPQMGSKTAYIVFO-UHFFFAOYSA-N,vismodegib,dilist
COc1ccc2c(c1)c(CC(=O)OCC(=O)O)c(C)n2C(=O)c1ccc(Cl)cc1,FSQKKOOTNAMONP-UHFFFAOYSA-N,acemetacin,dilist
CC(CN(C)C)CN1c2ccccc2Sc2ccccc21,ZZHLYYDVIOPZBE-UHFFFAOYSA-N,alimemazine,dilist
CC12CCC3C(CCC4CC(=O)CCC43C)C1CCC2O,NVKAWKQGWWIWPM-UHFFFAOYSA-N,androstanolone,dilist
CC1CCC2C(C)C(=O)OC3OC4(C)CCC1C32OO4,BLUAFEHZUWYNDE-UHFFFAOYSA-N,artemisinin,dilist
CC1CCC2C(C)C(OC(=O)CCC(=O)O)OC3OC4(C)CCC1C32OO4,FIHJKUPKCHIPAT-UHFFFAOYSA-N,artesunate,dilist
CCCCN1CCCCC1C(=O)Nc1c(C)cccc1C,LEBVLXFERQHONN-UHFFFAOYSA-N,bupivacaine,dilist
CCOC(=O)n1ccn(C)c1=S,CFOYWRHIYXMDOT-UHFFFAOYSA-N,carbimazole,dilist
COCc1c(-c2ccc(F)cc2)c(=CCC(O)CC(O)CC(=O)O)c(C(C)C)nc1=C(C)C,CDHNVTRRQNLWKA-UHFFFAOYSA-N,cerivastatin,dilist
CCOC(=O)C(CCc1ccccc1)NC1CCCN2CCCC(C(=O)O)N2C1=O,HHHKFGXWKKUNCY-UHFFFAOYSA-N,cilazapril,dilist
CCOc1cc(N)c([N+](=O)[O-])cc1C(=O)NC1CCN(CC2CC=CCC2)CC1,ZDLBNXXKDMLZMF-UHFFFAOYSA-N,cinitapride,dilist
Cc1ncsc1CCCl,PCLITLDOTJTVDJ-UHFFFAOYSA-N,clomethiazole,dilist
CCc1cc2c(s1)N(C)C(=O)CN=C2c1ccccc1Cl,CHBRHODLKOZEPZ-UHFFFAOYSA-N,clotiazepam,dilist
COC(=O)C1C(OC(=O)c2ccccc2)CC2CCC1N2C,ZPUCINDJVBIVPJ-UHFFFAOYSA-N,cocaine,dilist
CC(=O)C1(O)CCC2C3=CC(Cl)=C4CC(=O)C5CC5C4(C)C3CCC21C,JMMOZGZYGBYHRY-UHFFFAOYSA-N,cyproterone,dilist
CC12CCC3C(CC=C4CC(O)CCC43C)C1CCC2=O,FMGSKLZLMKYGDP-UHFFFAOYSA-N,dehydroepiandrosterone,dilist
FC(F)OC(F)C(F)(F)F,DPYMFVXJLLWWEU-UHFFFAOYSA-N,desflurane,dilist
O=c1c(Cc2c(O)oc3ccccc3c2=O)c(O)oc2ccccc12,KSKRYQVHJQRUNC-UHFFFAOYSA-N,dicoumarol,dilist
CC(C)(C)c1ccc(C(=O)CCCN2CCC(OC(c3ccccc3)c3ccccc3)CC2)cc1,MJJALKDDGIKVBE-UHFFFAOYSA-N,ebastine,dilist
FC(F)OC(F)(F)C(F)Cl,JPGQOUSTVILISH-UHFFFAOYSA-N,enflurane,dilist
CC12CCC3c4ccc(O)cc4CCC3C1CC(O)C2O,PROQIPRRNZUXQM-UHFFFAOYSA-N,estriol,dilist
C#CC1(O)CCC2C3CCc4cc(O)ccc4C3CCC21C,BFPYWIDHMRZLRN-UHFFFAOYSA-N,ethinylestradiol,dilist
CCOC(=O)C=C(C)C=CC=C(C)C=Cc1c(C)cc(OC)c(C)c1C,HQMNCQVAMBCHCO-UHFFFAOYSA-N,etretinate,dilist
OCCN1CCN(CCC=C2c3ccccc3Sc3ccc(C(F)(F)F)cc32)CC1,NJMYODHXAKYRHW-UHFFFAOYSA-N,flupentixol,dilist
CC(=O)OC1CC2(C)C(CC(O)C3C4(C)CCC(O)C(C)C4CCC32C)C1=C(CCC=C(C)C)C(=O)O,IECPWNUMDGFDKC-UHFFFAOYSA-N,fusidic acid,dilist
NC1C(O)OC(CO)C(O)C1O,MSWZFWKMSRAUBD-UHFFFAOYSA-N,glucosamine,dilist
CC(C)CC1NC(=O)C(CCC(=O)O)NC(=O)C2CSSCC3NC(=O)C(C)NC(=O)C4CCCN4C(=O)C(CC(N)=O)NC(=O)C(CSSCC(NC(=O)C(Cc4ccc(O)cc4)NC(=O)C(CC(N)=O)NC(=O)C(CO)NC(=O)C(CO)NC(=O)C(N)CC(N)=O)C(=O)N2)NC(=O)C(CSSC(C(=O)NC(Cc2ccc(O)cc2)C(=O)O)NC(=O)CNC(=O)C(C(C)O)NC3=O)NC1=O,LEHSKCILCGLHIK-UHFFFAOYSA-N,growth hormone,dilist
COC1C(OC(C)=O)CC(=O)OC(C)CC=CC=CC(O)C(C)CC(CC=O)C1OC1OC(C)C(OC2CC(C)(O)C(OC(=O)CC(C)C)C(C)O2)C(N(C)C)C1O,XJSFLOJWULLJQS-UHFFFAOYSA-N,josamycin,dilist
COc1ccc2c(c1)N(CC(C)CN(C)C)c1ccccc1S2,VRQVVMDWGGWHTJ-UHFFFAOYSA-N,levomepromazine,dilist
CC1CCN(CCCC(=O)c2ccc(F)cc2)CC1,DKMFBWQBDIGMHM-UHFFFAOYSA-N,melperone,dilist
Cc1c(N(C)CS(=O)(=O)O)c(=O)n(-c2ccccc2)n1C,LVWZTYCIRDMTEY-UHFFFAOYSA-N,metamizole,dilist
COC(F)(F)C(Cl)Cl,RFKMCNOHBTXSMU-UHFFFAOYSA-N,methoxyflurane,dilist
O=C(O)c1cccnc1Nc1cccc(C(F)(F)F)c1,JZFPYUNJRRFVQU-UHFFFAOYSA-N,niflumic acid,dilist
CC(C)(C)C(=O)OCOC(=O)C1N2C(=O)C(N=CN3CCCCCC3)C2SC1(C)C,NPGNOVNWUSPMDP-UHFFFAOYSA-N,pivmecillinam,dilist
CC(NCCc1ccc(O)cc1)C(O)c1ccc(O)cc1,IOVGROKTTNBUGK-UHFFFAOYSA-N,ritodrine,dilist
CS(=O)(=O)c1ccc(C2=C(c3ccccc3)C(=O)OC2)cc1,RZJQGNCSTQAWON-UHFFFAOYSA-N,rofecoxib,dilist
CCC1OC(=O)C(C)C(OC2CC(C)(OC)C(O)C(C)O2)C(C)C(OC2OC(C)CC(N(C)C)C2O)C(C)(O)CC(C)C(=NOCOCCOC)C(C)C(O)C1(C)O,RXZBMPWDPOLZGW-UHFFFAOYSA-N,roxithromycin,dilist
CC12Cc3c[nH]nc3CC1CCC1C2CCC2(C)C1CCC2(C)O,LKAJKIOFIWVMDJ-UHFFFAOYSA-N,stanozolol,dilist
Nc1c2c(nc3ccccc13)CCCC2,YLJREFDVOIBQDA-UHFFFAOYSA-N,tacrine,dilist
CN1C(C(=O)Nc2ccccn2)C(=O)c2sccc2S1(=O)=O,OTGJPAOGHQFBMI-UHFFFAOYSA-N,tenoxicam,dilist
O=C(O)Cc1cc(I)c(Oc2ccc(O)c(I)c2)c(I)c1,UOWZUVNAGUAEQC-UHFFFAOYSA-N,tiratricol,dilist
CCOc1ccc(NC(C)=O)cc1,CPJSUEIXXCENMM-UHFFFAOYSA-N,phenacetin,dilist
Oc1c(Cl)cc(Cl)cc1Sc1cc(Cl)cc(Cl)c1O,JFIOVJDNOJYLKP-UHFFFAOYSA-N,bithionol,dilist
Oc1c(Cl)cc(Cl)c(Cl)c1Cc1c(O)c(Cl)cc(Cl)c1Cl,ACGUYXCXAPNIKK-UHFFFAOYSA-N,hexachlorophene,dilist
CN(C)CCN(Cc1cccs1)c1ccccn1,HNJJXZKZRAWDPF-UHFFFAOYSA-N,methapyrilene,dilist
CN(C)CCN(Cc1ccccc1)c1ccccn1,UFLGIAIHIAPJJC-UHFFFAOYSA-N,tripelennamine,dilist
Oc1cccc2cccnc12,MCJGNVYPOGVAJF-UHFFFAOYSA-N,oxyquinoline,dilist
COc1cccc(OC)c1C(=O)NC1C(=O)N2C1SC(C)(C)C2C(=O)O,RJQXTJLFIWVMTO-UHFFFAOYSA-N,meticillin,dilist
COc1cc(NS(C)(=O)=O)ccc1Nc1c2ccccc2nc2ccccc12,XCPGHVQEEXUHNC-UHFFFAOYSA-N,amsacrine,dilist
O=C1OCCN1N=Cc1ccc([N+](=O)[O-])o1,PLHJDBGFXBMTGZ-UHFFFAOYSA-N,furazolidone,dilist
CCN(CC)CCNc1ccc(CO)c2sc3ccccc3c(=O)c12,MFZWMTSUNYWVBU-UHFFFAOYSA-N,hycanthone,dilist
O=c1[nH]c(=O)n(C2CC(O)C(CO)O2)cc1I,XQFRJNBWHJMXHO-UHFFFAOYSA-N,idoxuridine,dilist
COC1C(OC(N)=O)C(O)C(Oc2ccc3c(=O)c(NC(=O)c4ccc(O)c(CC=C(C)C)c4)c(O)oc3c2C)OC1(C)C,DYYIUCVAQGRACE-UHFFFAOYSA-N,novobiocin,dilist
CN1c2ccccc2C(NCCCCCCC(=O)O)c2ccc(Cl)cc2S1(=O)=O,JICJBGPOMZQUBB-UHFFFAOYSA-N,tianeptine,dilist
C=C1c2cccc(O)c2C(=O)C2C(=O)C3(O)C(=O)C(C(N)=O)C(=O)C(N(C)C)C3C(O)C12,QNJKSUYWBCNWFI-UHFFFAOYSA-N,methacycline,dilist
CC(C)COCC(CN(Cc1ccccc1)c1ccccc1)N1CCCC1,UIEATEWHFDRYRU-UHFFFAOYSA-N,bepridil,dilist
CNCCc1ccccn1,UUQMNUMQCIQDMZ-UHFFFAOYSA-N,betahistine,dilist
CC(C)(Oc1ccc(C2CC2(Cl)Cl)cc1)C(=O)O,KPSRODZRAIWAKH-UHFFFAOYSA-N,ciprofibrate,dilist
CCN(CC)C(=O)N1CCN(C)CC1,RCKMWOKWVGPNJF-UHFFFAOYSA-N,diethylcarbamazine,dilist
CC(Cc1ccc(O)cc1)NCC(O)c1cc(O)cc(O)c1,LSLYOANBFKQKPT-UHFFFAOYSA-N,fenoterol,dilist
CCCCc1c(O)n(-c2ccccc2)n(-c2ccccc2)c1=O,PKYKNPLSFOKASK-UHFFFAOYSA-N,phenylbutazone,dilist
C#CC1(OC(C)=O)CCC2C3CCC4=CC(OC(C)=O)CCC4C3CCC21C,ONKUMRGIYFNPJW-UHFFFAOYSA-N,ethynodiol diacetate,dilist
CC1CN(c2cc3c(cc2F)c(=O)c(C(=O)O)cn3-c2ccc(F)cc2F)CCN1,QKDHBVNJCZBTMR-UHFFFAOYSA-N,temafloxacin,dilist
Cn1nnnc1SCC1=C(C(=O)O)N2C(=O)C(NC(=O)C(O)c3ccccc3)C2SC1,OLVCFLKTBJRLHI-UHFFFAOYSA-N,cefamandole,dilist
CCN(CC)Cc1cc(Nc2ccnc3cc(Cl)ccc23)ccc1O,OVCDSSHSILBFBN-UHFFFAOYSA-N,amodiaquine,dilist
CCC1(c2ccccc2)CCC(=O)NC1=O,JMBQKKAJIKAWKF-UHFFFAOYSA-N,glutethimide,dilist
Nc1ccc(S(N)(=O)=O)cc1,FDDDEECHVMSUSB-UHFFFAOYSA-N,sulfanilamide,dilist
CC(=O)Nc1ccc2c(c1)Cc1ccccc1-2,CZIHNRWJTSTCEX-UHFFFAOYSA-N,2-acetylaminofluorene,dilist
CN(CCCCCCCCCCN(C)C(=O)Oc1cccc([N+](C)(C)C)c1)C(=O)Oc1cccc([N+](C)(C)C)c1,RWZVPVOZTJJMNU-UHFFFAOYSA-N,demecarium bromide,dilist
CC(=O)OCC1=C(C(=O)O)N2C(=O)C(NC(=O)Cc3cccs3)C2SC1,XIURVHNZVLADCM-UHFFFAOYSA-N,cefalotin,dilist
O=c1[nH]cc(N(CCCl)CCCl)c(=O)[nH]1,IDPUKCWIGUEADI-UHFFFAOYSA-N,uracil mustard,dilist
CCC1(c2ccccc2)C(=O)NC(=O)N(C)C1=O,ALARQZQTBTVLJV-UHFFFAOYSA-N,methylphenobarbital,dilist
CC(=O)CC(c1ccc([N+](=O)[O-])cc1)c1c(O)c2ccccc2oc1=O,VABCILAOYCMVPS-UHFFFAOYSA-N,acenocoumarol,dilist
S=C=Nc1cccc2ccccc12,JBDOSUUXMYMWQH-UHFFFAOYSA-N,1-naphthylisothiocyanate,dilist
COc1cc2c(c3oc(=O)c4c(c13)CCC4=O)C1C=COC1O2,OQIQSTLJSLGHID-UHFFFAOYSA-N,aflatoxin b1,dilist
CC1(c2ccccc2)Cc2cc(OCC(=O)O)c(Cl)c(Cl)c2C1=O,PRKWVSHZYDOZLP-UHFFFAOYSA-N,indacrinone,dilist
CN(C)CCn1nnnc1SCC1=C(C(=O)O)N2C(=O)C(NC(=O)Cc3csc(N)n3)C2SC1,QYQDKDWGWDOFFU-UHFFFAOYSA-N,cefotiam,dilist
COC1CC(OC2C(C)C(=O)OC(C)C(C)C(OC(C)=O)C(C)C(=O)C3(CO3)CC(C)C(OC3OC(C)CC(N(C)C)C3OC(C)=O)C2C)OC(C)C1OC(C)=O,LQCLVBQBTUVCEQ-UHFFFAOYSA-N,troleandomycin,dilist
CC1(COc2ccc(Cc3sc(=O)[nH]c3O)cc2)CCCCC1,YNQLJZYIOAPXMU-UHFFFAOYSA-N,ciglitazone,dilist
O=C1NCN(c2ccccc2)C12CCN(CCCC(c1ccc(F)cc1)c1ccc(F)cc1)CC2,QOYHHIBFXOOADH-UHFFFAOYSA-N,fluspirilene,dilist
C#CC1(O)CCC2C3CC=C4CC(=O)CCC4C3CCC21CC,LYRBZVWRTAFWPO-UHFFFAOYSA-N,norgestrel,dilist
ClC(Cl)(Cl)Cl,VZGDMQKNWNREIO-UHFFFAOYSA-N,carbon tetrachloride,dilist
c1ccc2c(c1)Nc1ccccc1S2,WJFKNYWRSNBZNX-UHFFFAOYSA-N,phenothiazine,dilist
C=CCO,XXROGKLTLUQVRX-UHFFFAOYSA-N,allyl alcohol,dilist
Brc1ccccc1,QARVLSVVCXYDNA-UHFFFAOYSA-N,bromobenzene,dilist
CN1CCC(=C2c3ccccc3CCc3cccnc32)CC1,SEBMTIQKRHYNIT-UHFFFAOYSA-N,azatadine,dilist
C=CCOC=O,ZHHZHHSFKCANOC-UHFFFAOYSA-N,allyl formate,dilist
CC(CCC(=O)NCCS(=O)(=O)O)C1CCC2C3C(O)CC4CC(O)CCC4(C)C3CCC12C,BHTRKEVKTKCXOH-UHFFFAOYSA-N,tauroursodeoxycholic acid,dilist
CCCCC(CC)COC(=O)C=Cc1ccc(OC)cc1,YBGZDTIWKVFICR-UHFFFAOYSA-N,octylmethoxycinnamate,dilist
CC12CCC(O)CC1=CCC1C2CCC2(C)C(c3cccnc3)=CCC12,GZOSMCIZMLWJML-UHFFFAOYSA-N,abiraterone,dilist
CC(=O)SCC(Cc1ccccc1)C(=O)NCC(=O)OCc1ccccc1,ODUOJXZPIYUATO-UHFFFAOYSA-N,acetorphan,dilist
C=C1C(=CC=C2CCCC3(C)C2CCC3C(C)CCCC(C)C)CC(O)CC1O,OFHCOWSQAMBJIW-UHFFFAOYSA-N,alfacalcidol,dilist
Nc1c(Br)cc(Br)cc1CNC1CCC(O)CC1,JBDGDEWWOUBZPM-UHFFFAOYSA-N,ambroxol,dilist
NCC(=O)CCC(=O)O,ZGXJTSGNIOSYLO-UHFFFAOYSA-N,aminolevulinic acid,dilist
CCN1CCCC1CNC(=O)c1cc(S(=O)(=O)CC)c(N)cc1OC,NTJOBXMMWNYJFB-UHFFFAOYSA-N,amisulpride,dilist
CCOC(=O)OC(C)OC1=C(C(=O)Nc2ccccn2)N(C)S(=O)(=O)c2ccccc21,LSNWBKACGXCGAJ-UHFFFAOYSA-N,ampiroxicam,dilist
CC=Cc1ccc(OC)cc1,RUVINXPYWBROJD-UHFFFAOYSA-N,anethole,dilist
NCCC(O)C(=O)NC1CC(N)C(OC2OC(CN)CCC2N)C(O)C1OC1OC(CO)C(O)C(N)C1O,MKKYBZZTJQGVCD-UHFFFAOYSA-N,arbekacin,dilist
CNC(=O)c1ccccc1Sc1ccc2c(C=Cc3ccccn3)[nH]nc2c1,RITAVMQDGBJQJZ-UHFFFAOYSA-N,axitinib,dilist
CC1=NC(=N)C(C(=O)OC2CN(C(c3ccccc3)c3ccccc3)C2)C(c2cccc([N+](=O)[O-])c2)C1C(=O)OC(C)C,VWQKBXQRFVPFAL-UHFFFAOYSA-N,azelnidipine,dilist
CCOC(=O)OC(C)OC(=O)C1N2C(=O)C(NC(=O)C(N)c3ccccc3)C2SC1(C)C,PFOLLRNADZZWEX-UHFFFAOYSA-N,bacampicillin,dilist
COC(=O)C1=C(C)N=C(C)C(C(=O)OC2CCCN(Cc3ccccc3)C2)C1c1cccc([N+](=O)[O-])c1,JEEWYTNVHFSNBZ-UHFFFAOYSA-N,benidipine,dilist
CC#CCC(C)C(O)C=CC1C(O)CC2Oc3c(CCCC(=O)O)cccc3C21,CTPOHARTNNSRSR-UHFFFAOYSA-N,beraprost,dilist
CC(C)(C)NC(=O)NC(C(=O)N1CC2C(C1C(=O)NC(CC1CCC1)C(=O)C(N)=O)C2(C)C)C(C)(C)C,LHHCSNFAOIFYRV-UHFFFAOYSA-N,boceprevir,dilist
O=C1CN=C(c2ccccn2)c2cc(Br)ccc2N1,VMIYHDSEFNYJSL-UHFFFAOYSA-N,bromazepam,dilist
CN(Cc1cc(Br)cc(Br)c1N)C1CCCCC1,OJGDCBLYJGHCIH-UHFFFAOYSA-N,bromhexine,dilist
CC(C)C(Br)C(=O)NC(N)=O,CMCCHHWTTBEZNM-UHFFFAOYSA-N,bromisoval,dilist
Cc1nnc2n1-c1sc(Br)cc1C(c1ccccc1Cl)=NC2,UMSGKTJDUHERQW-UHFFFAOYSA-N,brotizolam,dilist
CC(C)(S)C(=O)NC(CS)C(=O)O,VUAFHZCUKUDDBC-UHFFFAOYSA-N,bucillamine,dilist
COc1cc(OC)c(C(=O)CCCN2CCCC2)c(OC)c1,OWYLAEYXIQKAOL-UHFFFAOYSA-N,buflomedil,dilist
COC12CCC3(CC1C(C)(O)C(C)(C)C)C1Cc4ccc(O)c5c4C3(CCN1CC1CC1)C2O5,RMRJXGBAOAMLHD-UHFFFAOYSA-N,buprenorphine,dilist
COC1=C2C(C)C(OC(=O)C(O)C(NC(=O)OC(C)(C)C)c3ccccc3)CC(O)(C(OC(=O)c3ccccc3)C3C4(OC(C)=O)COC4CC(OC)C3(C)C1=O)C2(C)C,SUOGUKJEXYJHTD-UHFFFAOYSA-N,cabazitaxel,dilist
CCCC(C(=O)N=C1C(=O)N2C(C(=O)O)=C(COC(N)=O)CSC12)c1csc(N)n1,CHISSPYZBATFJC-UHFFFAOYSA-N,cefcapene,dilist
COC1(NC(=O)CSCC#N)C(=O)N2C(C(=O)O)=C(CSc3nnnn3C)CSC21,SNBUBQHDYVFSQF-UHFFFAOYSA-N,cefmetazole,dilist
CON=C(C(=O)NC1C(=O)N2C(C(=O)[O-])=C(C[n+]3ccn4ncccc43)CSC12)c1nsc(N)n1,QDUIJCOKQCCXQY-UHFFFAOYSA-N,cefozopran,dilist
CON=C(C(=O)NC1C(=O)N2C(C(=O)[O-])=C(C[n+]3cccc4c3CCC4)CSC12)c1csc(N)n1,DKOQGJHPHLTOJR-UHFFFAOYSA-N,cefpirome,dilist
CCN(CC)C(=O)Nc1ccc(OCC(O)CNC(C)(C)C)c(C(C)=O)c1,JOATXPAWOHTVSZ-UHFFFAOYSA-N,celiprolol,dilist
CC(=O)C1(O)CCC2C3=CC(Cl)=C4CC(=O)CCC4(C)C3CCC21C,KZYRYDZPCMPRSA-UHFFFAOYSA-N,chlormadinone,dilist
c1ccc(C2(c3ccccc3)CC2C2=NCCN2)cc1,IPOBOOXFSRWSHL-UHFFFAOYSA-N,cibenzoline,dilist
COCCOC(=O)C1=C(C)N=C(C)C(C(=O)OCC=Cc2ccccc2)C1c1cccc([N+](=O)[O-])c1,BYAAPSQQRDMOAQ-UHFFFAOYSA-N,cilnidipine,dilist
CN1C(=O)CC(=O)N(c2ccccc2)c2cc(Cl)ccc21,CXOXHMZGEKVPMT-UHFFFAOYSA-N,clobazam,dilist
CC1CC2C3CC=C4CC(=O)C=CC4(C)C3(F)C(O)CC2(C)C1(O)C(=O)CCl,JTHMWNIMWXESHY-UHFFFAOYSA-N,clobetasol,dilist
O=P(O)(O)C(Cl)(Cl)P(=O)(O)O,ACSIXWWBWUQEHA-UHFFFAOYSA-N,clodronic acid,dilist
CC(C)N=c1cc2n(-c3ccc(Cl)cc3)c3ccccc3nc-2cc1Nc1ccc(Cl)cc1,WDQPAMHFFCXSNU-UHFFFAOYSA-N,clofazimine,dilist
Clc1ccc(C(OCCN2CCCCC2)c2ccccc2)cc1,FLNXBVJLPJNOSI-UHFFFAOYSA-N,cloperastine,dilist
CC(Oc1cc(-c2cnn(C3CCNCC3)c2)cnc1N)c1c(Cl)ccc(F)c1Cl,KTEIFNKAUNYNJU-UHFFFAOYSA-N,crizotinib,dilist
COc1cc(C=CC(=O)CC(=O)C=Cc2ccc(O)c(OC)c2)ccc1O,VFLDPWHFBUODDF-UHFFFAOYSA-N,curcumin,dilist
CC(CN(C)C)CN1c2ccccc2Sc2ccc(C#N)cc21,SLFGIOIONGJGRT-UHFFFAOYSA-N,cyamemazine,dilist
NS(=O)(=O)c1cc2c(cc1Cl)NC(C1CC3C=CC1C3)NS2(=O)=O,BOCUKUHCLICSIY-UHFFFAOYSA-N,cyclothiazide,dilist
C#CC1(O)CCC2C3CCC4=CCCCC4C3C(=C)CC21CC,RPLCPCMSCLEKRS-UHFFFAOYSA-N,desogestrel,dilist
CC(=O)Oc1cccc2c1C(=O)c1c(OC(C)=O)cc(C(=O)O)cc1C2=O,TYNLGDBUJLVSMA-UHFFFAOYSA-N,diacerein,dilist
COc1ccc2c3c1OC1C(O)CCC4C(C2)N(C)CCC341,RBOXVHNMENFORY-UHFFFAOYSA-N,dihydrocodeine,dilist
CCC1OC(=O)C(C)C(OC2CC(C)(OC)C(O)C(C)O2)C(C)C(OC2OC(C)CC(N(C)C)C2O)C(C)(O)CC(C)C2NC(COCCOC)OC(C2C)C1(C)O,WLOHNSSYAXHWNR-UHFFFAOYSA-N,dirithromycin,dilist
O=c1[nH]c2ccccc2n1CCCN1CCC(n2c(=O)[nH]c3cc(Cl)ccc32)CC1,FGXWKSZFVQUSTL-UHFFFAOYSA-N,domperidone,dilist
CC1OC(n2cc(F)c(=O)[nH]c2=O)C(O)C1O,ZWAOHEXOSAUJHY-UHFFFAOYSA-N,doxifluridine,dilist
NC(C(=O)O)C(O)c1ccc(O)c(O)c1,QXWYKJLNLSIPIN-UHFFFAOYSA-N,droxidopa,dilist
CC(=O)C1CCC2C3=CC=C4CC(=O)CCC4(C)C3CCC12C,CCTOEXCQYMSSED-UHFFFAOYSA-N,dydrogesterone,dilist
Cc1cc(=O)n(-c2ccccc2)[nH]1,KZQYIMCESJLPQH-UHFFFAOYSA-N,edaravone,dilist
CCc1ccc(C(=O)C(C)CN2CCCCC2)cc1,SQUNAWUMZGQQJD-UHFFFAOYSA-N,eperisone,dilist
NC1=NCC2c3ccccc3Cc3ccccc3N12,WHWZLSFABNNENI-UHFFFAOYSA-N,epinastine,dilist
C=C1CC2CCC34CC5OC6C(OC7CCC(CC(=O)CC8C(CC9OC(CCC1O2)CC(C)C9=C)OC(CC(O)CN)C8OC)OC7C6O3)C5O4,UFNVPOGXISZXJD-UHFFFAOYSA-N,eribulin mesylate,dilist
CCO,LFQSCWFLJHTTHZ-UHFFFAOYSA-N,ethanol,dilist
CCOC(=O)C1N=C(c2ccccc2F)c2cc(Cl)ccc2NC1=O,CUCHJCMWNFEYOM-UHFFFAOYSA-N,ethyl loflazepate,dilist
OCCO,LYCAIKOWRPUZTN-UHFFFAOYSA-N,ethylene glycol,dilist
CCc1cc2c(s1)-n1c(C)nnc1CN=C2c1ccccc1Cl,VMZUTJCNQWMAGF-UHFFFAOYSA-N,etizolam,dilist
Cc1ccc(-c2ncc(Cl)cc2-c2ccc(S(C)(=O)=O)cc2)cn1,MNJVRJDLRVPLFE-UHFFFAOYSA-N,etoricoxib,dilist
COC1(NC(=O)CSC(F)F)C(=O)N2C(C(=O)O)=C(CSc3nnnn3CCO)COC21,UHRBTBZOWWGKMK-UHFFFAOYSA-N,flomoxef,dilist
O=C1c2ccccc2C(=O)C1c1ccc(F)cc1,NASXCEITKQITLD-UHFFFAOYSA-N,fluindione,dilist
CN1C(=O)CN=C(c2ccccc2F)c2cc([N+](=O)[O-])ccc21,PPTYJKAXVCCBDU-UHFFFAOYSA-N,flunitrazepam,dilist
CCOC(=O)Nc1ccc(NCc2ccc(F)cc2)nc1N,JUUFBMODXQKSTD-UHFFFAOYSA-N,flupirtine,dilist
CN(CC(=O)N1CCOCC1)Cc1c(Cl)cccc1NC(=O)c1ccccc1,KSNNEUZOAFRTDS-UHFFFAOYSA-N,fominoben,dilist
O=P(O)(O)OC(Cn1cncn1)(Cn1cncn1)c1ccc(F)cc1F,GHJWNRRCRIGGIO-UHFFFAOYSA-N,fosfluconazole,dilist
NC(CSCCCO)C(=O)O,KINWYTAUPKOPCQ-UHFFFAOYSA-N,fudosteine,dilist
CC(OC(=O)NCC1(CC(=O)O)CCCCC1)OC(=O)C(C)C,TZDUHAJSIBHXDL-UHFFFAOYSA-N,gabapentin enacarbil,dilist
CCOC(=O)c1ccc(OC(=O)CCCCCN=C(N)N)cc1,YKGYIDJEEQRWQH-UHFFFAOYSA-N,gabexate,dilist
CC1NCc2cc(-c3ccc4c(=O)c(C(=O)O)cn(C5CC5)c4c3OC(F)F)ccc21,NJDRXTDGYFKORP-UHFFFAOYSA-N,garenoxacin,dilist
NC(CCC(=O)NC(CS)C(=O)NCC(=O)O)C(=O)O,RWSXRVCMGQZWBV-UHFFFAOYSA-N,glutathione,dilist
OCC(O)CO,PEDCQBHIVMGVHV-UHFFFAOYSA-N,glycerol,dilist
CC1(C(=O)O)CCC2(C)CCC3(C)C(=C2C1)CC(=O)C1C2(C)CCC(OC4OC(C(=O)O)C(O)C(O)C4OC4OC(C(=O)O)C(O)C(O)C4O)C(C)(C)C2CCC13C,QCQGNTXXPCJRFZ-UHFFFAOYSA-N,glycyrrhizin,dilist
CCCCN(CCCC)CCC(O)c1cc2c(Cl)cc(Cl)cc2c2cc(C(F)(F)F)ccc12,FOHHNHSLJDZUGQ-UHFFFAOYSA-N,halofantrine,dilist
CC(N)CCCC(C)(C)O,LREQLEBVOXIEOM-UHFFFAOYSA-N,heptaminol,dilist
Cc1cc(=O)c2c(O)c3c(O)cc(O)c4c5c(O)cc(O)c6c(=O)c7c(O)cc(C)c8c1c2c(c34)c(c65)c78,FIIAPJASQSDOKY-UHFFFAOYSA-N,hypericin,dilist
CC(C)C(=O)c1c(C(C)C)nn2ccccc12,ZJVFLBOZORBYFE-UHFFFAOYSA-N,ibudilast,dilist
CC#CCC(C)C(O)C=CC1C(O)CC2CC(=CCCCC(=O)O)CC21,HIFJCPQKFCZDDL-UHFFFAOYSA-N,iloprost,dilist
Nc1nc(N)nc(-c2cc(Cl)ccc2Cl)n1,ATCGGEJZONJOCL-UHFFFAOYSA-N,irsogladine,dilist
CNC1C(O)C(OC2C(NC(=O)C(O)CN)CC(N)C(OC3OC(CN)C(O)C(O)C3O)C2O)OCC1(C)O,UDIIBEDMEYAVNG-UHFFFAOYSA-N,isepamicin,dilist
OC1COC2C(O)COC12,KLDXJTOLSGUMSJ-UHFFFAOYSA-N,isosorbide,dilist
COc1ccc(C(=O)NCc2ccc(OCCN(C)C)cc2)cc1OC,QQQIECGTIMUVDS-UHFFFAOYSA-N,itopride,dilist
O=C(C[S+]([O-])Cc1ccco1)NCC=CCOc1cc(CN2CCCCC2)ccn1,KMZQAVXSMUKBPD-UHFFFAOYSA-N,lafutidine,dilist
CC(C)C1NC(=O)C(CCCCN)NC(=O)C(Cc2c[nH]c3ccccc23)NC(=O)C(Cc2ccc(O)cc2)NC(=O)C(NC(=O)C(N)Cc2ccc3ccccc3c2)CSSCC(C(=O)NC(C(N)=O)C(C)O)NC1=O,PUDHBTGHUJUUFI-UHFFFAOYSA-N,lanreotide,dilist
COC(=O)C1=C(C)N=C(C)C(C(=O)OC(C)(C)CN(C)CCC(c2ccccc2)c2ccccc2)C1c1cccc([N+](=O)[O-])c1,PHOGQKDIVUJGMJ-UHFFFAOYSA-N,lercanidipine,dilist
Nc1ncnc2c1ncn2C1OC(CO)CC1F,KBEMFSMODRNJHE-UHFFFAOYSA-N,lodenosine,dilist
CN1C(=O)C(O)N=C(c2ccccc2Cl)c2cc(Cl)ccc21,FJIKWRGCXUCUIG-UHFFFAOYSA-N,lormetazepam,dilist
CN1C(C(=O)Nc2ccccn2)C(=O)c2sc(Cl)cc2S1(=O)=O,QOFQTBTZCJVITI-UHFFFAOYSA-N,lornoxicam,dilist
CC(C(=O)O)c1ccc(CC2CCCC2=O)cc1,YMBXTVYHTMGZDW-UHFFFAOYSA-N,loxoprofen,dilist
COC(=O)C1=C(C)N=C(C)C(C(=O)OCCN2CCN(C(c3ccccc3)c3ccccc3)CC2)C1c1cccc([N+](=O)[O-])c1,PIRWHBVBBBZNKG-UHFFFAOYSA-N,manidipine,dilist
OC1(c2ccc(Cl)cc2)c2ccccc2C2=NCCN21,ZPXSCAKFGYXMGA-UHFFFAOYSA-N,mazindol,dilist
CC(C)=CCCC(C)=CCCC(C)=CCC=C(C)C=Cc1c(C)c(O)c2ccccc2c1O,BEXALXUVUGWKPB-UHFFFAOYSA-N,menatetrenone,dilist
c1ccc2c(c1)Sc1ccccc1N2CC1CN2CCC1CC2,HOKDBMAJZXIPGC-UHFFFAOYSA-N,mequitazine,dilist
CS(=O)(=O)c1ccc2c(c1)N(CCCN1CCC(C(N)=O)CC1)c1ccccc1S2,BQDBKDMTIJBJLA-UHFFFAOYSA-N,metopimazine,dilist
O=C(O)C(CC(=O)N1CC2CCCCC2C1)Cc1ccccc1,WPGGHFDDFPHPOB-UHFFFAOYSA-N,mitiglinide,dilist
NC(=O)c1ncn(C2OC(CO)C(O)C2O)c1O,HZQDCMWJEBCWBR-UHFFFAOYSA-N,mizoribine,dilist
CCOC([O-])=Nc1c[n+](N2CCOCC2)no1,XLFWDASMENKTKL-UHFFFAOYSA-N,molsidomine,dilist
CCOc1cc(N)c(Cl)cc1C(=O)NCC1CN(Cc2ccc(F)cc2)CCO1,YPELFRMCRYSPKZ-UHFFFAOYSA-N,mosapride,dilist
COc1nc(C)nc(Cl)c1NC1=NCCN1,WPNJAUFVNXKLIM-UHFFFAOYSA-N,moxonidine,dilist
N=C(N)Nc1ccc(C(=O)Oc2ccc3cc(C(=N)N)ccc3c2)cc1,MQQNFDZXWVTQEH-UHFFFAOYSA-N,nafamostat,dilist
CCN(CC)CCOC(=O)C(Cc1cccc2ccccc12)CC1CCCO1,KBAFPSLPKGSANY-UHFFFAOYSA-N,naftidrofuryl,dilist
CC12CCC3C4=C(CCC3C1CCC2O)CC(=O)CC4,BAZGVDKAIHZPOH-UHFFFAOYSA-N,nandrolone,dilist
CN1CCOC(c2ccccc2)c2ccccc2C1,RGPDEAGGEXEMMM-UHFFFAOYSA-N,nefopam,dilist
CCNC1CC(N)C(OC2OC(CN)=CCC2N)C(O)C1OC1OCC(C)(O)C(NC)C1O,CIDUJQMULVCIBT-UHFFFAOYSA-N,netilmicin,dilist
COC12CC(COC(=O)c3cncc(Br)c3)CN(C)C1Cc1cn(C)c3cccc2c13,YSEXMKHXIOCEJA-UHFFFAOYSA-N,nicergoline,dilist
O=C(NCCO[N+](=O)[O-])c1cccnc1,LBHIOVVIQHSOQN-UHFFFAOYSA-N,nicorandil,dilist
O=C1CN=C(c2ccccc2)c2cc([N+](=O)[O-])ccc2N1,KJONHKAYOJNZEC-UHFFFAOYSA-N,nitrazepam,dilist
CCOC(=O)C1=C(C)N=C(C)C(C(=O)OC)C1c1cccc([N+](=O)[O-])c1,VVTJQHCRBOHFTD-UHFFFAOYSA-N,nitrendipine,dilist
O=C1CN=C(c2ccccc2)c2cc(Cl)ccc2N1,AKPLHCDWDRPJGD-UHFFFAOYSA-N,nordazepam,dilist
C#CC1(O)CCC2C3CC=C4CC(=O)CCC4C3CCC21C,QGQUHXSBTSDAML-UHFFFAOYSA-N,norethisterone,dilist
CN(C)CCC=C1c2ccccc2COc2ccc(CC(=O)O)cc21,JBIMVDZLSHOPLA-UHFFFAOYSA-N,olopatadine,dilist
O=c1[nH]c2ccccc2n1CCCN1CCN(C(c2ccccc2)c2ccccc2)CC1,BAINIUMDFURPJM-UHFFFAOYSA-N,oxatomide,dilist
CCCCc1c(O)n(-c2ccc(O)cc2)n(-c2ccccc2)c1=O,GFMGHHYHOFNBHB-UHFFFAOYSA-N,oxyphenbutazone,dilist
O=C(O)C=Cc1ccc(Cn2ccnc2)cc1,SHZKQBHERIJWAO-UHFFFAOYSA-N,ozagrel,dilist
CC1COc2c(C3(N)CC3)c(F)cc3c(=O)c(C(=O)O)cn1c23,XAGMUUZPGZWTRP-UHFFFAOYSA-N,pazufloxacin,dilist
CCC(CC)C(NC(C)=O)C1C(N=C(N)N)CC(C(=O)O)C1O,XRQDFNLINLXZLB-UHFFFAOYSA-N,peramivir,dilist
N=C(N)N=C(N)NCCc1ccccc1,ICFJFFQQTFMIBG-UHFFFAOYSA-N,phenformin,dilist
CCC(c1ccccc1)c1c(O)c2ccccc2oc1=O,DQDAYGNAKTZFIW-UHFFFAOYSA-N,phenprocoumon,dilist
CNCC(O)c1cccc(O)c1,SONNWYBIRXJNDC-UHFFFAOYSA-N,phenylephrine,dilist
Oc1cc(O)cc(O)c1,QCDYQQDYXPDABM-UHFFFAOYSA-N,phloroglucinol,dilist
NCc1cccnc1,HDOUGSFASVGDCS-UHFFFAOYSA-N,picolamine,dilist
Cc1cccc(C)c1NC(=O)CC12CCCN1CCC2,BCQTVJKBTWGHCX-UHFFFAOYSA-N,pilsicainide,dilist
CCC1=CC(C)CC(C)CC(OC)C2OC(O)(C(=O)C(=O)N3CCCCC3C(=O)OC(C(C)=CC3CCC(Cl)C(OC)C3)C(C)C(O)CC1=O)C(C)CC2OC,QQXZSKLNJZQNSA-UHFFFAOYSA-N,pimecrolimus,dilist
COc1cc(Br)c(C[N+]2(CCOCCC3CCC4CC3C4(C)C)CCOCC2)cc1OC,DDHUTBKXLWCZCO-UHFFFAOYSA-N,pinaverium,dilist
CC(=O)c1ccc2c(c1)N(CCCN1CCC(CCO)CC1)c1ccccc1S2,BTFMCMVEUCGQDX-UHFFFAOYSA-N,piperacetazine,dilist
O=C(CCBr)N1CCN(C(=O)CCBr)CC1,NJBFOOCLYDNZJN-UHFFFAOYSA-N,pipobroman,dilist
NC(=O)CN1CCCC1=O,GMZVRMREEHBGGF-UHFFFAOYSA-N,piracetam,dilist
COc1cccc2c(O)c3c(c(O)c12)C(=O)C1=C(CC(O)(C(=O)CO)CC1OC1CC(N)C(OC2CCCCO2)C(C)O1)C3=O,UTZKHRPBILWNJL-UHFFFAOYSA-N,pirarubicin,dilist
O=C(Nc1cccc2c(=O)cc(-c3nn[nH]n3)oc12)c1ccc(OCCCCc2ccccc2)cc1,NBQKINXMPLXUET-UHFFFAOYSA-N,pranlukast,dilist
CC(C(=O)O)c1ccc2c(c1)Cc1cccnc1O2,TVQZAMVBTVNYLA-UHFFFAOYSA-N,pranoprofen,dilist
O=C1CN=C(c2ccccc2)c2cc(Cl)ccc2N1CC1CC1,MWQCHHACWWAQLJ-UHFFFAOYSA-N,prazepam,dilist
CCN(CC)CC(=O)Oc1ccc(NC(C)=O)cc1,QTGAJCQTLIRCFL-UHFFFAOYSA-N,propacetamol,dilist
CCCOC(C(=O)OC1CCN(C)CC1)(c1ccccc1)c1ccccc1,QPCVHQBVMYCJOM-UHFFFAOYSA-N,propiverine,dilist
Cc1nc(=O)c2cc(CN(C)c3ccc(C(=O)NC(CCC(=O)O)C(=O)O)s3)ccc2[nH]1,IVTVGDXNLFLDRM-UHFFFAOYSA-N,raltitrexed,dilist
O=C(NC(Cc1cc(=O)[nH]c2ccccc12)C(=O)O)c1ccc(Cl)cc1,ALLWOAVDORUJLA-UHFFFAOYSA-N,rebamipide,dilist
C1COC(=NC(C2CC2)C2CC2)N1,CQXADFVORZEARL-UHFFFAOYSA-N,rilmenidine,dilist
O=C(NCC1CN(c2ccc(N3CCOCC3=O)cc2)C(=O)O1)c1ccc(Cl)s1,KGFYHTZWPPHNLQ-UHFFFAOYSA-N,rivaroxaban,dilist
O=C(CO)NCCCOc1cccc(CN2CCCCC2)c1,BCCREUFCSIMJFS-UHFFFAOYSA-N,roxatidine,dilist
O=C(O)c1ccccc1O,YGSDEFSMJLZEOE-UHFFFAOYSA-N,salicylic acid,dilist
COc1cccc(CCc2ccccc2OCC(CN(C)C)OC(=O)CCC(=O)O)c1,FFYNAVGJSYHHFO-UHFFFAOYSA-N,sarpogrelate,dilist
O=C(O)c1cc(O)c2c(O)c3c(OC4OC(CO)C(O)C(O)C4O)cccc3c(-c3c4cc(C(=O)O)cc(O)c4c(O)c4c(OC5OC(CO)C(O)C(O)C5O)cccc34)c2c1,QFJIQUOMKJNYLI-UHFFFAOYSA-N,sennoside,dilist
CC(C)=CCOc1ccc(C=CC(=O)c2ccc(OCC=C(C)C)cc2OCC(=O)O)cc1,GFWRVVCDTLRWPK-UHFFFAOYSA-N,sofalcone,dilist
CC1CN(c2c(F)c(N)c3c(=O)c(C(=O)O)cn(C4CC4)c3c2F)CC(C)N1,DZZWHBIBMUVIIW-UHFFFAOYSA-N,sparfloxacin,dilist
Cc1cc(NS(=O)(=O)c2ccc(N)cc2)no1,JLKIGFTWXXRPMT-UHFFFAOYSA-N,sulfamethoxazole,dilist
CCN1CCCC1CNC(=O)c1cc(S(N)(=O)=O)ccc1OC,BGRJTUBHPOOWDU-UHFFFAOYSA-N,sulpiride,dilist
CCOCC(O)COc1ccc(NC(=O)CC[S+](C)C)cc1,DYZJXZOQQRXDLE-UHFFFAOYSA-O,suplatast,dilist
Oc1c2c(c(O)n1CCCCN1CCN(c3ncccn3)CC1)C1CCC2C1,XCISMQWGDMQWLH-UHFFFAOYSA-N,tandospirone,dilist
CCCC(NC(=O)C1C2CCCC2CN1C(=O)C(NC(=O)C(NC(=O)c1cnccn1)C1CCCCC1)C(C)(C)C)C(=O)C(=O)NC1CC1,BBAWEDCPNXPBQM-UHFFFAOYSA-N,telaprevir,dilist
CCOC(=O)C(CCc1ccccc1)NC1CSC(c2cccs2)CN(CC(=O)O)C1=O,FIQOFIRCTOWDOW-UHFFFAOYSA-N,temocapril,dilist
CC(=O)CCC=C(C)CCC=C(C)CCC=C(C)CCC=C(C)C,HUCXKZBETONXFO-UHFFFAOYSA-N,teprenone,dilist
CN1C(=O)C=NC(=C2CCCCC2)c2cc(Cl)ccc21,GIEGFYVKVGBXMQ-UHFFFAOYSA-N,tetrazepam,dilist
Cn1cnc2c1c(=O)[nH]c(=O)n2C,YAPQBXQYLJRXSA-UHFFFAOYSA-N,theobromine,dilist
COc1c(OC2OC(CO)C(O)C(O)C2O)cc2c(c1OC)-c1ccc(SC)c(=O)cc1C(NC(C)=O)CC2,LEQAKWQJCITZNK-UHFFFAOYSA-N,thiocolchicoside,dilist
CCN(CC)CCNC(=O)c1cc(S(C)(=O)=O)ccc1OC,JTVPZMFULRWINT-UHFFFAOYSA-N,tiapride,dilist
CC(C(=O)O)c1ccc(C(=O)c2ccccc2)s1,GUHPRPJDBZHYCJ-UHFFFAOYSA-N,tiaprofenic acid,dilist
C[N+]12CCCCC1CCC(=C(c1cccs1)c1cccs1)C2,ZGSDGGRVFIYKKE-UHFFFAOYSA-N,tiquizium,dilist
Cc1cccc(C)c1NC(=O)C(C)N,BUJAGSGYPOAWEI-UHFFFAOYSA-N,tocainide,dilist
COc1cc2c(cc1O)CCNC21CSC2c3c(OC(C)=O)c(C)c4c(c3C(COC1=O)N1C(O)C3Cc5cc(C)c(OC)c(O)c5C(C21)N3C)OCO4,PKVRCIRHQMSYJX-UHFFFAOYSA-N,trabectedin,dilist
COc1ccc(C=CC(=O)Nc2ccccc2C(=O)O)cc1OC,NZHGWWWHIYHZNX-UHFFFAOYSA-N,tranilast,dilist
CCN(CC)c1cc(C)nc2ncnn12,GSNOZLZNQMLSKJ-UHFFFAOYSA-N,trapidil,dilist
NS(=O)(=O)c1cc2c(cc1Cl)NC(C(Cl)Cl)NS2(=O)=O,LMJSLTNSBFUCMU-UHFFFAOYSA-N,trichlormethiazide,dilist
CCC(COC(=O)c1cc(OC)c(OC)c(OC)c1)(c1ccccc1)N(C)C,LORDFXWUHHSAQU-UHFFFAOYSA-N,trimebutine,dilist
COc1ccc(CN2CCNCC2)c(OC)c1OC,UHWVSEOVJBQKBE-UHFFFAOYSA-N,trimetazidine,dilist
CN1C2CCC1CC(=C1c3ccccc3CSc3ccccc31)C2,JOQKFRLFXDPXHX-UHFFFAOYSA-N,tropatepine,dilist
COc1cc(C(=O)NC2CCCNC2)cc(OC)c1OC,YSIITVVESCNIPR-UHFFFAOYSA-N,troxipide,dilist
COc1ccccc1N1CCN(CCCNc2cc(=O)n(C)c(=O)n2C)CC1,ICMGLRUYEQNHPF-UHFFFAOYSA-N,urapidil,dilist
CCCC(CCC)C(N)=O,OMOMUFTZPTXCHP-UHFFFAOYSA-N,valpromide,dilist
CCCS(=O)(=O)Nc1ccc(F)c(C(=O)c2c[nH]c3ncc(-c4ccc(Cl)cc4)cc23)c1F,GPXBXXGIAQBQNI-UHFFFAOYSA-N,vemurafenib,dilist
CCC1(O)CC2CN(CCc3c([nH]c4ccccc34)C(C(=O)OC)(c3cc4c(cc3OC)N(C)C3C(O)(C(N)=O)C(O)C5(CC)C=CCN6CCC43C65)C2)C1,HHJUWIANJFBDHT-UHFFFAOYSA-N,vindesine,dilist
OCC(CO)NC1CC(O)(CO)C(O)C(O)C1O,FZNCGRZWXLXZSZ-UHFFFAOYSA-N,voglibose,dilist
Cc1cc(C(C)(C)C)cc(C)c1CC1=NCCN1,HUCJFAOMUPXHDK-UHFFFAOYSA-N,xylometazoline,dilist
CC(C(=O)O)c1ccc2c(c1)CC(=O)c1ccccc1S2,MUXFZBHBYYYLTH-UHFFFAOYSA-N,zaltoprofen,dilist
CN1CCN(C(=O)OC2c3nccnc3C(=O)N2c2ccc(Cl)cn2)CC1,GBBSUAFBMRNDJC-UHFFFAOYSA-N,zopiclone,dilist
CC1OC1[P](=O)(=O)O,UJNUDOLLRRCQDH-UHFFFAOYSA-N,,goldstandard
O=[P](=O)(O)C(Cl)(Cl)[P](=O)(=O)O,SMDQENAKEXGVHN-UHFFFAOYSA-N,,goldstandard
O=C1C=NC(c2ccccc2)c2cc([N+](=O)[O-])ccc2N1,UGGMVORTUXFWLM-UHFFFAOYSA-N,,goldstandard
CC(C)c1cccc(C(C)C)c1OCO[P](=O)(=O)O,VGRGBDXULCNWFE-UHFFFAOYSA-N,,goldstandard
CC(Cn1cnc2c(=N)[nH]cnc21)OC[P](=O)(=O)O,WUCSXTDWYHOFKK-UHFFFAOYSA-N,,goldstandard
Cc1cc2c(s1)=Nc1ccccc1NC=2N1CCN(C)CC1,WXPNDRBBWZMPQG-UHFFFAOYSA-N,,goldstandard
CC1(C)SC2C(NC(=O)Cc3ccccc3)CN2C1C(=O)O,WAYJCOBMBRPWED-UHFFFAOYSA-N,,goldstandard
O=[P-](=O)(O)C(O)(C[N+]1=CC=[N+]=C1)[P-](=O)(=O)O,VVTFUCQBNYYCPM-UHFFFAOYSA-N,,goldstandard
CNC(CC(C)C)C(=O)NC1C(=O)NC(CC(N)=O)C(=O)NC2C(=O)Nc3c(O)[nH]c(c(O)[nH]c(=C(O)O)c4cc(O)cc(O)c4c4cc3ccc4O)C(O)c3ccc(c(Cl)c3)Oc3cc2cc(c3OC2OC(CO)C(O)C(O)C2OC2CC(C)(N)C(O)C(C)O2)Oc2ccc(cc2Cl)C1O,VXFQOIANLLNPGH-UHFFFAOYSA-N,,goldstandard
CN(CCCCCCCCCCN(C)C(=O)Oc1ccccc1[N+](C)(C)C)C(=O)Oc1ccccc1[N+](C)(C)C,VXUVVFFRFRITPE-UHFFFAOYSA-N,,goldstandard
N=c1[nH]cnc2c1ncn2CCOC[P](=O)(=O)O,QBOMMLNIIUVYAH-UHFFFAOYSA-N,,goldstandard
CN1CCN(C(=O)Oc2c3nccnc3c(O)n2-c2ccc(Cl)cn2)CC1,QCTRMDIJRRVPPY-UHFFFAOYSA-N,,goldstandard
COC1C=COC2(C)Oc3c(C)c(O)c4c(O)c(c(=CNN5CCN(C)CC5)c(O)c4c3C2=O)=NC(=O)C(C)=CC=CC(C)C(O)C(C)C(O)C(C)C(OC(C)=O)C1C,QHOUDEZPFKDYIG-UHFFFAOYSA-N,,goldstandard
COc1c(CC=C(C)CCC(=O)OCCN2CCOCC2)c(O)c2c(O)occ2c1C,PGPPCCZSDRAQKA-UHFFFAOYSA-N,,goldstandard
NCCC(=O)C(O)NC1CC(N)C(OC2OC(CN)CCC2N)C(O)C1OC1OC(CO)C(O)C(N)C1O,PHIQXDCXRPEYMK-UHFFFAOYSA-N,,goldstandard
CC(=O)OC=C1CSC2C(NC(=O)Cc3cccs3)C(=O)N2C1C(=O)O,RPYOSGKJIBAQNU-UHFFFAOYSA-N,,goldstandard
CC(C)=Nc1cc2c(cc1Nc1ccc(Cl)cc1)Nc1ccccc1N2c1ccc(Cl)cc1,QZOZORJVUIIALW-UHFFFAOYSA-N,,goldstandard
CN=C1C=[N+]([O-])C(c2ccccc2)c2cc(Cl)ccc2N1,RHUMXTALHSBJRL-UHFFFAOYSA-N,,goldstandard
COc1c(CC=C(C)CCC(=O)O)c(O)c2c(O)occ2c1C,LTBQFJVKVMGOEG-UHFFFAOYSA-N,,goldstandard
COc1cc2c(cc1OC)C1CC(=O)C(CC(C)C)CN1CC2,MKJIEFSOBYUXJB-UHFFFAOYSA-N,,goldstandard
Cc1cccc(N=c2cc[nH]cc2S(=O)(=O)NC(=O)NC(C)C)c1,NGBFQHCMQULJNZ-UHFFFAOYSA-N,,goldstandard
CC(C)CC1C(=O)N2CCCC2C2(O)OC(NC(=O)C3=CC4c5cccc6[nH]c(Br)c(c56)CC4N(C)C3)(C(C)C)C(=O)N12,NUEAMYZABAMKDO-UHFFFAOYSA-N,,goldstandard
COc1cccc2c(O)c3c(O)c4c(c(O)c3c(O)c12)=C(OC1CC(N)C(O)C(C)O1)CC(O)(C(=O)CO)C=4,OEMKXOUYUCIRSC-UHFFFAOYSA-N,,goldstandard
CCCC1CC(C(=O)NC(C(C)O)C2OC(SC)C(O)C(O)C2O)N(C)C1,OJMMVQQUTAEWLP-UHFFFAOYSA-N,,goldstandard
CC12CCC3c4ccc(OS(=O)(=O)O)cc4CCC3C1CCC2=O,JKKFKPJIXZFSSB-UHFFFAOYSA-N,,goldstandard
Cc1nccn1CC1CCC2C(C1=O)c1ccccc1N2C,JIMWRSFMRULTNX-UHFFFAOYSA-N,,goldstandard
CC1=NS(=O)(=O)c2cc(Cl)ccc2N1,GDLBFKVLRPITMI-UHFFFAOYSA-N,,goldstandard
CC1CC2C3CC=C4CC(=O)C=CC4(C)C3(F)C(O)CC2(C)C1(O)C(=O)CO,GJFCONYVAUNLKB-UHFFFAOYSA-N,,goldstandard
CCC1(c2ccccc2)NC(=O)N(C)C1=O,GMHKMTDVRCWUDX-UHFFFAOYSA-N,,goldstandard
COc1cc2c(c(OC)c1OC)-c1ccc(OC)c(=O)cc1C(NC(C)=O)CC2,IAKHMKGGTNLKSZ-UHFFFAOYSA-N,,goldstandard
CCCCCN=C(N)NN=Cc1c[nH]c2ccc(OC)cc12,IKBKZGMPCYNSLU-UHFFFAOYSA-N,,goldstandard
N=C(N)NC(=O)Cc1c(Cl)cccc1Cl,INJOMKTZOLKMBF-UHFFFAOYSA-N,,goldstandard
CCCC(NC(C)C(=O)N1C(C(=O)O)CC2CCCCC21)C(=O)OCC,IPVQLZZIHOAWMC-UHFFFAOYSA-N,,goldstandard
CCN1CCN(C(=O)NC(C(=O)NC2C(=O)N3C2SC(C)(C)C3C(=O)O)c2ccccc2)C(=O)C1=O,IVBHGBMCVLDMKU-UHFFFAOYSA-N,,goldstandard
OCCN(CCO)c1nc(N2CCCCC2)c2nc(N(CCO)CCO)nc(N3CCCCC3)c2n1,IZEKFCXSFNUWAM-UHFFFAOYSA-N,,goldstandard
CCOc1ccc2ccccc2c1NC(=O)C1C(=O)N2C1SC(C)(C)C2C(=O)O,PLIGJUHHTJAZTH-UHFFFAOYSA-N,,goldstandard
N=c1[nH]c(Cl)nc2c1ncn2C1OC(CO)C(O)C1F,WDDPHFBMKLOVOX-UHFFFAOYSA-N,,goldstandard
CCCC(C)C1(CC)C(=O)NC(=O)NC1=O,WEXRUCMBJFQVBZ-UHFFFAOYSA-N,,goldstandard
CC(=O)OC1(C(C)=O)CCC2C3CC(C)=C4CC(=O)CCC4(C)C3CCC21C,WYYCRMBIYYRAEW-UHFFFAOYSA-N,,goldstandard
COC1(NC(=O)Cc2cccs2)C(=O)N2C(C(=O)O)=C(COC(N)=O)CSC21,WZOZEZRFJCJXNZ-UHFFFAOYSA-N,,goldstandard
Cc1cc(C(=O)NNCc2ccccc2)no1,XKFPYPQQHFEXRZ-UHFFFAOYSA-N,,goldstandard
CC1(C)NC(=O)N(c2ccc([N+](=O)[O-])c(C(F)(F)F)c2)C1=O,XWXYUMMDTVBTOU-UHFFFAOYSA-N,,goldstandard
Cc1nnc(SC=C2CSC3C(NC(=O)Cn4cnnn4)C(=O)N3C2C(=O)O)s1,ZQRBOBGLJZHCAN-UHFFFAOYSA-N,,goldstandard
N=c1[nH]c(Cl)nc2c1ncn2C1CC(O)C(CO)O1,PTOAARAWEBMLNO-UHFFFAOYSA-N,,goldstandard
Cc1[nH]c(=O)c(C#N)cc1-c1ccncc1,PZRHRDRVRGEVNW-UHFFFAOYSA-N,,goldstandard
CC(=O)OC1CCC2C3CCc4cc(O)ccc4C3CCC12C,QAHOQNJVHDHYRN-UHFFFAOYSA-N,,goldstandard
CCC1C(=O)OCC1Cc1cncn1C,QCHFTSOMWOSFHM-UHFFFAOYSA-N,,goldstandard
CNCCCC12CCC(c3ccccc31)c1ccccc12,QSLMDECMDJKHMQ-UHFFFAOYSA-N,,goldstandard
O=C1CCc2cc(OCCCCc3nnnn3C3CCCCC3)ccc2N1,RRGUKTPIGVIEKM-UHFFFAOYSA-N,,goldstandard
Cc1ccc(Cl)c(Nc2ccccc2C(=O)O)c1Cl,SBDNJUWAMKYJOX-UHFFFAOYSA-N,,goldstandard
CN1CCCCC1CCN1c2ccccc2Sc2ccc([S+](C)[O-])cc21,SLVMESMUVMCQIY-UHFFFAOYSA-N,,goldstandard
CN(C)C1C(=O)C(C(N)=O)C(=O)C2(O)C(O)c3c(c(O)c4c(Cl)ccc(O)c4c3O)CC12,STSZYJMXQQPUNU-UHFFFAOYSA-N,,goldstandard
COCCOC(=O)C1=C(C)N=C(C)C(C(=O)OC(C)C)C1c1cccc([N+](=O)[O-])c1,SVMHYHIZWOJKDL-UHFFFAOYSA-N,,goldstandard
CC(C(=O)O)c1ccc(-c2ccccc2)c(F)c1,SYTBZMRGLBWNTM-UHFFFAOYSA-N,,goldstandard
COC(=O)C1=C(C)N=C(C)C(C(=O)OCCN(C)Cc2ccccc2)C1c1cccc([N+](=O)[O-])c1,UXVSDVSUISWXKD-UHFFFAOYSA-N,,goldstandard
CC1C(=NC(=O)C(NOC(C)(C)C(=O)O)c2csc(=N)[nH]2)C(=O)N1S(=O)(=O)O,FLMIOANAVARRAD-UHFFFAOYSA-N,,goldstandard
O=C1C=NC(c2ccccc2)c2cc(Cl)ccc2N1,XYFZZOKPDQAJPG-UHFFFAOYSA-N,,goldstandard
N#CN,XZMCDFZZKTWFGF-UHFFFAOYSA-N,,goldstandard
O=C(O)c1ccc(O)c(O)c1,YQUVCSBJEUQKSH-UHFFFAOYSA-N,,goldstandard
CC(C)NCC(O)COc1cccc2ccccc12,AQHHHDLHHXJYJD-UHFFFAOYSA-N,,goldstandard
COc1ccc2c3c1OC1CC(O)C=CC31CCN(C)C2,ASUTZQLVASHGKV-UHFFFAOYSA-N,,goldstandard
CC(C)(C)NCC(O)COc1nsnc1N1CCOCC1,BLJRIMJGRPQVNF-UHFFFAOYSA-N,,goldstandard
CC(=O)CCCCn1c(=O)c2c(ncn2C)n(C)c1=O,BYPFEZZEUUWMEJ-UHFFFAOYSA-N,,goldstandard
NS(=O)(=O)c1cc2c(cc1C(F)(F)F)NCNS2(=O)=O,DMDGGSIALPNSEE-UHFFFAOYSA-N,,goldstandard
CC12CCC3c4ccc(O)cc4CCC3C1CCC2=O,DNXHEGUUPJUMQT-UHFFFAOYSA-N,,goldstandard
O=C1CCC2(O)C3Cc4ccc(O)c5c4C2(CCN3CC2CC2)C1O5,DQCKKXVULJGBQN-UHFFFAOYSA-N,,goldstandard
C=CC1=C(C(=O)O)N2C(=O)C(=NC(=O)C(NOCC(=O)O)c3csc(=N)[nH]3)C2SC1,FACRSCOHUPSUMI-UHFFFAOYSA-N,,goldstandard
OCCN=CCNc1ccc(NCCNCCO)c2c(O)c3c(O)ccc(O)c3c(O)c12,YYJKSCIIZGQWEE-UHFFFAOYSA-N,,goldstandard
CN(C)CCn1nnnc1SC=C1CSC2C(NC(=O)Cc3csc(=N)[nH]3)C(=O)N2C1C(=O)O,ZERZWIVZXKRPMQ-UHFFFAOYSA-N,,goldstandard
CCOCC(O)COc1ccc(NC(=O)CC[S](C)C)cc1,OUCZKWKDGZGTBA-UHFFFAOYSA-N,,goldstandard
CCN(CC)CC=NC(=O)c1c(C)[nH]c(Cc2c(O)[nH]c3ccc(F)cc23)c1C,ALVHFWNGOPERPY-UHFFFAOYSA-N,,goldstandard
O=C1C=NC(c2ccccc2Cl)c2cc([N+](=O)[O-])ccc2N1,GUSMEDHRIBVVJG-UHFFFAOYSA-N,,goldstandard
CC(=O)C(NC(=O)C1CSSCC(NC(=O)C(N)Cc2ccc3ccccc3c2)C(=O)NC(Cc2ccc(O)cc2)C(=O)NC(Cc2c[nH]c3ccccc23)C(=O)NC(CCCCN)C(=O)NC(C(C)C)C(=O)N1)C(N)O,HFBLFEOAXLEEAV-UHFFFAOYSA-N,,goldstandard
Cc1ccc(C(=O)NC2C(=O)NC(C(C)C)C(=O)N3CCCC3C(=O)N(C)CC(=O)N(C)C(C(C)C)C(=O)OC2C)c2c1Oc1c(C)c(O)c(N)c(C(=O)N=C3C(=O)NC(C(C)C)C(=O)N4CCCC4C(=O)N(C)CC(=O)N(C)C(C(C)C)C(=O)OC3C)c1N2,GSADSJFVCHVKRH-UHFFFAOYSA-N,,goldstandard
CCc1c(C)cn(C(=O)NCCc2ccc(S(=O)(=O)NC(=O)NC3CCC(C)CC3)cc2)c1O,GKNDIYRVXVKUNM-UHFFFAOYSA-N,,goldstandard
NCCCC(O)([P](=O)(=O)O)[P](=O)(=O)O,COORKQZSNQLSLX-UHFFFAOYSA-N,,goldstandard
O=C1C=NC(c2ccccn2)c2cc(Br)ccc2N1,BAEURYYFMFQDTK-UHFFFAOYSA-N,,goldstandard
CC(=O)NC1C(O)OC(CO)C(OS(=O)(=O)O)C1OC1OC(C(=O)O)C(O)C(O)C1O,AVJBPWGFOQAPRH-UHFFFAOYSA-N,,goldstandard
CCOC(Nc1ccc(C(=O)O)cc1)C(=O)c1ccc(-c2ccccc2)cc1,BPOMPTVRBWXZBY-UHFFFAOYSA-N,,goldstandard
COC12C(=COC(N)=O)c3c(O)c(N)c(C)c(O)c3N1CC1NC12,DZFQLAHFWAYDSR-UHFFFAOYSA-N,,goldstandard
COc1cccc2c(O)c3c(O)c4c(c(O)c3c(O)c12)=C(OC1CC(N)C(OC2CCCCO2)C(C)O1)CC(O)(C(=O)CO)C=4,MLNXYRCHUAIOQD-UHFFFAOYSA-N,,goldstandard
O=[P](=O)(O)OC(Cn1cncn1)(Cn1cncn1)c1ccc(F)cc1F,LDHJDSQNUUOTRO-UHFFFAOYSA-N,,goldstandard
CS(=O)(=O)c1ccc(-c2coc(O)c2-c2ccccc2)cc1,MRHFQRMJFYDYBV-UHFFFAOYSA-N,,goldstandard
CC(=O)Nc1cc([As](=O)(O)O)ccc1O,ODFJOVXVLFUVNQ-UHFFFAOYSA-N,,goldstandard
COC1=NC(C)=NC(Cl)C1N=c1[nH]cc[nH]1,NSIUCUILQKEQTB-UHFFFAOYSA-N,,goldstandard
Cn1nnnc1SC=C1CSC2C(NC(=O)C(O)c3ccccc3)C(=O)N2C1C(=O)O,JDFBTIJUBZEOLI-UHFFFAOYSA-N,,goldstandard
CC(=O)C1NC(=O)C(CCCCN)NC(=O)C(Cc2c[nH]c3ccccc23)NC(=O)C(Cc2ccccc2)NC(=O)C(NC(=O)C(N)Cc2ccccc2)CSSCC(C(=O)NC(CO)C(C)O)NC1O,JDKKNQACNITFEA-UHFFFAOYSA-N,,goldstandard
CC(=O)OC1=C(C(CCC=C(C)C)C(=O)O)C2CC(O)C3C4(C)CCC(O)C(C)C4CCC3(C)C2(C)C1,JMNCPTSDROGKTR-UHFFFAOYSA-N,,goldstandard
CCOC(O)c1nc(-c2ccccc2F)c2cc(Cl)ccc2nc1=O,HTMZSADWQACSJQ-UHFFFAOYSA-N,,goldstandard
O=C1NC(c2ccccc2)(c2ccccc2)C(=O)N1CO[P](=O)(=O)O,KFODUDWNFSWFFD-UHFFFAOYSA-N,,goldstandard
